1,T-Jet,1
2,70th,2
3,Competizione,2
4,Competizione 70th,2
5,EsseEsse 70th,2
6,F595 Pista,2
7,Monster Yamaha,2
8,Pista 70th,2
9,Scorpioneoro,2
10,T-Jet,2
11,Trofeo,2
12,Turismo,2
13,Turismo 70th,2
14,Yamaha Factory Racing,2
15,70th,3
16,75th Anniversario,3
17,Biposto,3
18,Competizione,3
19,EsseEsse,3
20,Rivale,3
21,T-Jet,3
22,Tributo 131 Rally,3
23,Tributo Ferrari,3
24,Turismo,3
25,XSR,3
26,GT,4
27,MultiAir,4
28,Scorpione,4
29,T-Jet,5
30,Scorpionissima,6
31,Turismo,6
32,Scorpionissima,7
33,Turismo,7
34,70th,8
35,Competizione,8
36,Competizione 70th,8
37,F595 Pista,8
38,Pista 70th,8
39,T-Jet,8
40,Trofeo,8
41,Turismo,8
42,Turismo 70th,8
43,Scorpionissima,9
44,Competizione,10
45,Rivale,10
46,T-Jet,10
47,Turismo,10
48,XSR,10
49,Supersport,11
50,Turbo,11
51,T.Spark,12
52,Veloce,12
53,Cloverleaf,13
54,T.Spark,13
55,Collezione,14
56,GTA,14
57,Lusso,14
58,Sport,14
59,T.Spark,14
60,GTA,15
61,JTD,15
62,Lusso,15
63,T.Spark,15
64,Turismo,15
65,V6,15
66,Veloce,15
67,ECO,16
68,JTDM,16
69,JTS,16
70,JTS V6,16
71,Lusso,16
72,MPI,16
73,TBi,16
74,TI,16
75,Turismo,16
76,Turismo Sport,16
77,Super Lusso,17
78,Lusso,18
79,V6,18
80,T.Spark,19
81,Turismo,19
82,V6,19
83,Veloce,19
84,JTDM,20
85,JTS V6,20
86,Lusso,20
87,TBi,20
88,TI,20
89,Turismo,20
90,50th Anniversary,21
91,Launch Edition,21
92,TBi,21
93,Competizione,22
94,V8,22
95,JTDM,23
96,JTS,23
97,JTS V6,23
98,S,23
99,SV,23
100,TBi,23
101,Competizione,24
102,Giulia,24
103,Lusso Ti,24
104,Nero Edizione,24
105,Quadrifoglio,24
106,Quadrifoglio NRING,24
107,Speciale,24
108,Sprint,24
109,Super,24
110,T,24
111,TD,24
112,Tecnica,24
113,Tributo Italiano,24
114,V6 Bi-Turbo,24
115,Veloce,24
116,Veloce Ti,24
117,Business Edition,25
118,Cloverleaf,25
119,Collezione,25
120,Distinctive,25
121,Exclusive,25
122,Giulietta,25
123,JTDM-2,25
124,Lusso,25
125,MultiAir,25
126,Nero Edizione,25
127,Progression,25
128,Quadrifoglio Verde,25
129,Quadrifoglio Verde Launch Ed,25
130,QV Line,25
131,Speciale,25
132,Sport,25
133,Sportiva,25
134,Sportiva Nav,25
135,Sprint,25
136,Sprint Speciale,25
137,Super,25
138,TB,25
139,TBi,25
140,Tecnica,25
141,Turismo,25
142,Veloce,25
143,BlackLine,26
144,Cloverleaf,26
145,JTDM,26
146,JTS,26
147,T.Spark,26
148,V6,26
149,Lusso,27
150,T.Spark,27
151,Turismo,27
152,V6,27
153,Elettrica,28
154,Elettrica Speciale,28
155,Elettrica Veloce,28
156,Ibrida,28
157,MHEV,28
158,Collezione,29
159,Distinctive,29
160,JTDM,29
161,JTDM-2,29
162,Junior,29
163,Live,29
164,Lusso,29
165,MultiAir,29
166,Progression,29
167,Quadrifoglio Verde,29
168,Quadrifoglio Verde SBK,29
169,QV Line,29
170,Speciale,29
171,Sportiva,29
172,Sprint,29
173,Super,29
174,TB,29
175,Turismo,29
176,TwinAir,29
177,Veloce,29
178,1750,30
179,Italia Independent,30
180,JTDM,30
181,JTS,30
182,JTS V6,30
183,Limited Edition,30
184,Lusso,30
185,T.Spark,30
186,TBi,30
187,Turismo,30
188,V6,30
189,Competizione,31
190,Estrema,31
191,Lusso Ti,31
192,Milano Edizione,31
193,Nero Edizione,31
194,Quadrifoglio,31
195,Quadrifoglio NRING,31
196,Speciale,31
197,Sprint,31
198,Super,31
199,T,31
200,TD,31
201,Ti,31
202,Tributo Italiano,31
203,V6 Bi-Turbo,31
204,Veloce,31
205,Veloce Ti,31
206,Intensa,32
207,MHEV,32
208,Speciale,32
209,Sprint,32
210,Ti,32
211,Tributo Italiano,32
212,Veloce,32
213,VGT,32
214,Color Edition,33
215,GT,33
216,Legende,33
217,Legende GT,33
218,Premiere Edition,33
219,Pure,33
220,R,33
221,R Le Mans,33
222,R Turini,33
223,S,33
224,San Remo 73,33
225,Tour De Corse 75,33
226,Turbo,33
227,GT,34
228,GT Performance,34
229,GT Premium,34
230,GTS,34
231,Premiere Edition,34
232,VVT,35
233,AMR,36
234,Launch Edition,36
235,V12,36
236,V12 BiTurbo,36
237,V8,36
238,V8,37
239,GT,38
240,Vantage,38
241,Carbon Edition,39
242,GT,39
243,Luxury Edition,39
244,Sports Edition,39
245,V12,39
246,BiTurbo,40
247,Carbon Black,40
248,Superleggera,40
249,Superleggera OHMSS,40
250,Ultimate,40
251,V12,40
252,V12 BiTurbo,40
253,707,41
254,V8,41
255,Luxury Edition,42
256,V12,42
257,AMR,43
258,S,43
259,Shadow Edition,43
260,V12,43
261,Vantage,44
262,BiTurbo,45
263,Carbon Edition,45
264,Carbon Edition Black,45
265,S,45
266,S Ultimate,45
267,S Zagato,45
268,V12,45
269,Zagato,45
270,AMR,46
271,AMR 59 Edition,46
272,BiTurbo,46
273,Centenary,46
274,F1 Edition,46
275,GT12,46
276,GT8,46
277,N420,46
278,N430,46
279,S,46
280,SP10,46
281,V12,46
282,V8,46
283,V12,47
284,E,48
285,S2,48
286,SE,48
287,Sport,48
288,E,49
289,S4,49
290,Amplified Edition,50
291,Black Edition,50
292,CoD,50
293,Competition Line,50
294,Contrast Edition,50
295,Contrast Edition Plus,50
296,S line,50
297,S line Competition,50
298,S line Contrast Edition,50
299,S line Style Edition,50
300,SE,50
301,Sport,50
302,TDI,50
303,Technik,50
304,TFSI,50
305,Vorsprung,50
306,,51
307,FSI,51
308,SE,51
309,TDI,51
310,Black Edition,52
311,CoD,52
312,e-tron,52
313,Edition 1,52
314,FSI,52
315,S line,52
316,S line Competition,52
317,SE,52
318,SE Technik,52
319,Sport,52
320,T,52
321,TD,52
322,TDI,52
323,TDIe,52
324,Technik,52
325,Technik SE,52
326,TFSI,52
327,TFSIe,52
328,ultra,52
329,Vorsprung,52
330,Black Edition,53
331,CoD,53
332,S line,53
333,S line Final Edition,53
334,SE,53
335,Sport,53
336,Sport Final Edition,53
337,TDI,53
338,Technik,53
339,TFSI,53
340,Black Edition,54
341,Black Edition Plus,54
342,DTM Edition,54
343,Dynamik,54
344,Executive S line,54
345,Executive SE,54
346,FSI,54
347,S line,54
348,S line Special Edition,54
349,SE,54
350,SE Technik,54
351,Sport,54
352,Sport Edition,54
353,T,54
354,TDI,54
355,TDI V6,54
356,TDIe,54
357,Technik,54
358,TFSI,54
359,ultra,54
360,Vorsprung,54
361,Sport,55
362,TDI,55
363,TDI V6,55
364,TFSI,55
365,Vorsprung,55
366,Black Edition,56
367,Black Edition Plus,56
368,Executive S line,56
369,Executive SE,56
370,S line,56
371,S line Special Edition,56
372,SE,56
373,SE Technik,56
374,Sport,56
375,Sport Edition,56
376,T,56
377,TDI,56
378,TDI V6,56
379,TDIe,56
380,Technik,56
381,TFSI,56
382,ultra,56
383,Vorsprung,56
384,FSI,57
385,S line,57
386,Sport,57
387,T,57
388,TDI,57
389,TFSI,57
390,Black Edition,58
391,Black Edition Plus,58
392,Edition 1,58
393,FSI V6,58
394,Launch Edition,58
395,S line,58
396,S line Special Edition,58
397,SE,58
398,SE Technik,58
399,Sport,58
400,TDI,58
401,TDI V6,58
402,TDIe,58
403,TFSI,58
404,ultra,58
405,Vorsprung,58
406,Edition 1,59
407,Launch Edition,59
408,S line,59
409,Sport,59
410,TDI,59
411,TFSI,59
412,Edition 1,60
413,FSI V6,60
414,S line,60
415,S line Edition,60
416,S line Special Edition,60
417,S line Special Edition Plus,60
418,SE,60
419,Sport,60
420,TDI,60
421,TDI V6,60
422,TFSI,60
423,TFSI V6,60
424,Vorsprung,60
425,BiTDI V6,61
426,Black Edition,61
427,FSI,61
428,FSI V6,61
429,Le Mans,61
430,Limited Edition,61
431,S line,61
432,S line Special Edition,61
433,SE,61
434,SE Executive,61
435,Sport,61
436,T,61
437,TDI,61
438,TDI V6,61
439,TDIe,61
440,TFSI,61
441,TFSI V6,61
442,TFSIe,61
443,Vorsprung,61
444,BiTDI V6,62
445,FSI,62
446,Special Edition,62
447,Sport,62
448,TDI,62
449,TDI V6,62
450,TFSI V6,62
451,Vorsprung,62
452,BiTDI V6,63
453,Black Edition,63
454,Competition,63
455,Competition Vorsprung,63
456,Le Mans,63
457,S line,63
458,SE,63
459,SE Executive,63
460,Sport,63
461,T,63
462,TDI,63
463,TDI V6,63
464,TDIe,63
465,TFSI,63
466,TFSI V6,63
467,TFSIe,63
468,ultra,63
469,Vorsprung,63
470,Edition 1,64
471,Launch Edition,64
472,S line,64
473,Edition 1,65
474,S line,65
475,ultra,66
476,BiTDI V6,67
477,Black Edition,67
478,Competition,67
479,FSI V6,67
480,S line,67
481,S line Exclusive,67
482,SE,67
483,SE Executive,67
484,Sport,67
485,Sport Edition,67
486,TDI,67
487,TDI V6,67
488,TFSI,67
489,TFSI V6,67
490,TFSIe,67
491,ultra,67
492,Vorsprung,67
493,Black Edition,68
494,Executive SE,68
495,FSI,68
496,FSI V8,68
497,Launch Edition,68
498,S line,68
499,SE,68
500,SE Executive,68
501,Sport,68
502,Sport Executive,68
503,TDI,68
504,TDI V6,68
505,TDI V8,68
506,TFSI,68
507,TFSI V6,68
508,TFSI V8,68
509,TFSIe V6,68
510,Vorsprung,68
511,W12,68
512,TDI,69
513,E,70
514,Final Edition,70
515,E,71
516,Black Edition,72
517,Edition 1,72
518,Launch Edition,72
519,S line,72
520,Sport,72
521,Technik,72
522,Vorsprung,72
523,QUATTRO,73
524,Vorsprung,73
525,Vorsprung,74
526,Black Edition,75
527,CoD,75
528,Edition 1,75
529,S line,75
530,SE,75
531,Sport,75
532,TDI,75
533,Technik,75
534,TFSI,75
535,Vorsprung,75
536,Black Edition,76
537,CoD,76
538,Edition 1,76
539,S line,76
540,S line Edition,76
541,S line Plus,76
542,SE,76
543,Sport,76
544,TDI,76
545,Technik,76
546,TFSI,76
547,TFSIe,76
548,Vorsprung,76
549,Black Edition,77
550,Edition 1,77
551,Launch Edition,77
552,S line,77
553,Sport,77
554,Vorsprung,77
555,Black Edition,78
556,Competition,78
557,Competition Vorsprung,78
558,Edition 1,78
559,FSI V6,78
560,Launch Edition,78
561,S line,78
562,S line Competition,78
563,S line Plus,78
564,S line Plus Special Edition,78
565,S line Special Edition,78
566,SE,78
567,Sport,78
568,TDI,78
569,TDI V6,78
570,TFSI,78
571,TFSIe,78
572,Vorsprung,78
573,Vorsprung Competition,78
574,Edition 1,79
575,Launch Edition,79
576,S line,79
577,Sport,79
578,Black Edition,80
579,Competition,80
580,e-tron,80
581,FSI,80
582,Launch Edition,80
583,S line,80
584,S line Plus,80
585,S line Sport Edition,80
586,S line Style Edition,80
587,SE,80
588,Sport,80
589,TDI,80
590,TDI V12,80
591,TDI V6,80
592,TDI V8,80
593,TDIcd V6,80
594,TFSI V6,80
595,TFSIe V6,80
596,TFSIe V6 PHEV 22kWh,80
597,Vorsprung,80
598,Black Edition,81
599,Competition,81
600,Edition 1,81
601,Launch Edition,81
602,S line,81
603,TDI V6,81
604,TFSI V6,81
605,TFSIe V6,81
606,Vorsprung,81
607,Black Edition,82
608,Launch Edition,82
609,S line,82
610,Sport,82
611,Vorsprung,82
612,FSI V10,83
613,FSI V8,83
614,GT,83
615,Limited Edition,83
616,Performance,83
617,Performance Carbon Black,83
618,Performance Edition,83
619,Plus,83
620,Carbon Black,84
621,Carbon Vorsprung,84
622,Audi Sport Edition,85
623,Performance,85
624,TFSI,85
625,Vorsprung,85
626,Audi Sport Edition,86
627,Carbon Black,86
628,Carbon Vorsprung,86
629,Launch Edition,86
630,TFSI,86
631,Vorsprung,86
632,Bronze Edition,87
633,Carbon Black,87
634,Carbon Edition,87
635,Competition,87
636,edition 25 years,87
637,FSI V8,87
638,Limited Edition,87
639,Nogaro,87
640,Nogaro Edition,87
641,Sport Edition,87
642,TFSI V6,87
643,Vorsprung,87
644,Carbon Black,88
645,Carbon Edition,88
646,FSI V8,88
647,GPF,88
648,Limited Edition,88
649,Nogaro Edition,88
650,Sport Edition,88
651,TFSI V6,88
652,Vorsprung,88
653,TFSI V10,89
654,Carbon Black,90
655,GT,90
656,Launch Edition,90
657,Performance,90
658,Performance Carbon Black,90
659,Performance Carbon Vorsprung,90
660,Plus,90
661,TFSI V10,90
662,TFSI V8,90
663,Vorsprung,90
664,Carbon Black,91
665,Performance,91
666,Performance Carbon Black,91
667,TFSI V8,91
668,Vorsprung,91
669,Carbon Black,92
670,Launch Edition,92
671,Performance Carbon Black,92
672,Performance Carbon Vorsprung,92
673,TFSI V8,92
674,Vorsprung,92
675,Launch Edition,93
676,Competition,94
677,TFSI,94
678,Black Edition,95
679,TFSI,95
680,Vorsprung,95
681,Black Edition,96
682,TDI V6,96
683,TFSI V6,96
684,Black Edition,97
685,TDI V6,97
686,TFSI V6,97
687,Vorsprung,97
688,Black Edition,98
689,Edition 1,98
690,Launch Edition,98
691,TDI V6,98
692,TFSI,98
693,TFSI V6,98
694,V8,98
695,Vorsprung,98
696,Edition 1,99
697,TFSI,99
698,Black Edition,100
699,TDI V6,100
700,TFSI V8,100
701,Vorsprung,100
702,Edition 1,101
703,Launch Edition,101
704,Black Edition,102
705,TDI V6,102
706,TFSI V8,102
707,Vorsprung,102
708,Black Edition,103
709,TDI V6,103
710,TFSI V8,103
711,Vorsprung,103
712,Black Edition,104
713,FSI,104
714,TFSI V8,104
715,Vorsprung,104
716,Black Edition,105
717,TFSI,105
718,Vorsprung,105
719,BiTDI V6,106
720,Black Edition,106
721,Plus,106
722,Plus Special Edition,106
723,S Edition 1,106
724,S Launch Edition,106
725,TDI V6,106
726,TFSI,106
727,TFSI V6,106
728,Vorsprung,106
729,S Edition 1,107
730,S Launch Edition,107
731,Black Edition,108
732,TDI V8,108
733,TFSI V8,108
734,Vorsprung,108
735,Black Edition,109
736,Launch Edition,109
737,TDI V8,109
738,TFSI V8,109
739,Vorsprung,109
740,Black Edition,110
741,Vorsprung,110
742,20 Years,111
743,Black Edition,111
744,Final Edition,111
745,S line,111
746,S line Special Edition,111
747,Sport,111
748,Sport Edition,111
749,T,111
750,TDI,111
751,TFSI,111
752,TFSI V6,111
753,ultra,111
754,V6,111
755,Vorsprung,111
756,Plus,112
757,RS,112
758,Sport Edition,112
759,TFSI,112
760,Vorsprung,112
761,Black Edition,113
762,Final Edition,113
763,Limited Edition,113
764,TFSI,113
765,HL,114
766,Vanden Plas,114
767,LX,115
768,Knightsbridge,116
769,1275 GT,117
770,City,117
771,City E,117
772,Clubman,117
773,HL,117
774,Mayfair,117
775,R,118
776,Red Label,118
777,RL,118
778,T,118
779,V8,118
780,Final Series,119
781,Mulliner,119
782,T,119
783,A,120
784,Azure,120
785,Azure EWB,120
786,Base,120
787,d V8,120
788,First Edition,120
789,Mulliner,120
790,S,120
791,S Black Edition,120
792,Speed,120
793,TFSi V6,120
794,V8,120
795,W12,120
796,FlexFuel,121
797,Flying Spur,121
798,Flying Spur Speed,121
799,Flying Spur Speed Series 51,121
800,GT,121
801,GT Azure,121
802,GT First Edition,121
803,GT Mulliner,121
804,GT S,121
805,GT Speed,121
806,GT Supersports,121
807,GTC,121
808,GTC First Edition,121
809,GTC S,121
810,GTC Speed,121
811,GTC Speed Edition 12,121
812,GTC Supersports,121
813,Le Mans Series,121
814,Mulliner GT,121
815,Mulliner R,121
816,R,121
817,Speed,121
818,Supersports,121
819,T,121
820,V8,121
821,V8 Ultra-Performance,121
822,W12,121
823,Azure,122
824,First Edition,122
825,Mulliner,122
826,PHEV,122
827,S,122
828,Speed,122
829,TFSi V6,122
830,V8,122
831,V8 Ultra-Performance,122
832,W12,122
833,S,123
834,Speed,123
835,V8,123
836,114d,124
837,114i,124
838,116d,124
839,116d ED,124
840,116i,124
841,118d,124
842,118i,124
843,120d,124
844,120i,124
845,123d,124
846,123i,124
847,125d,124
848,125i,124
849,128ti,124
850,130i,124
851,135i,124
852,BluePerformance,124
853,Championship Edition,124
854,ED Plus,124
855,Edition ES,124
856,EfficientDynamics,124
857,EfficientDynamics Business,124
858,ES,124
859,Exclusive Edition,124
860,M,124
861,M Sport,124
862,M Sport Shadow Edition,124
863,M135i,124
864,M140i,124
865,MHT,124
866,Performance Edition,124
867,SE,124
868,SE Business,124
869,Shadow Edition,124
870,Sport,124
871,Sport Plus Edition,124
872,Urban,124
873,218d,125
874,218i,125
875,220d,125
876,220i,125
877,225d,125
878,228i,125
879,230i,125
880,Luxury,125
881,M Sport,125
882,M235i,125
883,M240i,125
884,MHT,125
885,SE,125
886,Sport,125
887,216d,126
888,218d,126
889,218i,126
890,220d,126
891,220i,126
892,223i,126
893,225i,126
894,225xe,126
895,230xe,126
896,Luxury,126
897,M Sport,126
898,MHT,126
899,SE,126
900,Sport,126
901,218d,127
902,218i,127
903,220d,127
904,220i,127
905,223i,127
906,M Sport,127
907,M235i,127
908,MHT,127
909,Sport,127
910,216d,128
911,218d,128
912,218i,128
913,220d,128
914,220i,128
915,Luxury,128
916,M Sport,128
917,SE,128
918,Sport,128
919,316,129
920,318,129
921,320,129
922,323,129
923,325,129
924,328,129
925,330,129
926,316d,129
927,316i,129
928,316ti,129
929,318 M Sport,129
930,318 SE,129
931,318 Sport,129
932,318Ci,129
933,318d,129
934,318i,129
935,318ti,129
936,320 M Sport,129
937,320 M Sport Edition,129
938,320 SE,129
939,320 Sport,129
940,320Cd,129
941,320Ci,129
942,320d,129
943,320d ED,129
944,320i,129
945,320i ED,129
946,320si,129
947,323Ci,129
948,323i,129
949,325 M Sport,129
950,325 SE,129
951,325 Sport,129
952,325Ci,129
953,325d,129
954,325i,129
955,325tds,129
956,325ti,129
957,328Ci,129
958,328i,129
959,330 Clubsport,129
960,330 M Sport,129
961,330 SE,129
962,330 Sport,129
963,330Cd,129
964,330Ci,129
965,330d,129
966,330e,129
967,330i,129
968,335d,129
969,335i,129
970,340i,129
971,ActiveHybrid 3,129
972,Baur Conversion,129
973,BluePerformance,129
974,Design,129
975,ED Plus,129
976,ED Sport,129
977,Edition ES,129
978,Edition M Sport,129
979,Edition SE,129
980,EfficientDynamics,129
981,EfficientDynamics Business,129
982,ES,129
983,Exclusive Edition,129
984,Lux,129
985,Luxury,129
986,M Sport,129
987,M Sport Business Edition,129
988,M Sport Highline,129
989,M Sport Plus Edition,129
990,M Sport Pro Edition,129
991,M Sport Shadow Edition,129
992,M340d,129
993,M340i,129
994,MHT,129
995,Modern,129
996,Motorsport Limited Edition,129
997,Performance Edition,129
998,S,129
999,SE,129
1000,SE Business Edition,129
1001,SE Highline,129
1002,SE Pro,129
1003,Sport,129
1004,Sport Plus Edition,129
1005,Sport Pro,129
1006,318d,130
1007,320d,130
1008,320i,130
1009,325d,130
1010,328i,130
1011,330d,130
1012,335d,130
1013,335i,130
1014,Luxury,130
1015,M Sport,130
1016,Modern,130
1017,SE,130
1018,Sport,130
1019,418d,131
1020,420d,131
1021,420i,131
1022,425d,131
1023,428i,131
1024,430d,131
1025,430i,131
1026,435d,131
1027,435i,131
1028,440i,131
1029,Luxury,131
1030,M Sport,131
1031,M Sport Pro Edition,131
1032,M440d,131
1033,M440i,131
1034,MHT,131
1035,Modern,131
1036,SE,131
1037,Sport,131
1038,418d,132
1039,420d,132
1040,420i,132
1041,428i,132
1042,430d,132
1043,430i,132
1044,435d,132
1045,435i,132
1046,440i,132
1047,Luxury,132
1048,M Sport,132
1049,M Sport Pro Edition,132
1050,M440i,132
1051,MHT,132
1052,SE,132
1053,Sport,132
1054,518d,133
1055,520d,133
1056,520d ED,133
1057,520i,133
1058,523i,133
1059,525d,133
1060,525i,133
1061,528i,133
1062,530d,133
1063,530e,133
1064,530i,133
1065,535d,133
1066,535i,133
1067,540i,133
1068,540i V8,133
1069,545e,133
1070,545i V8,133
1071,550e,133
1072,550i V8,133
1073,ActiveHybrid 5,133
1074,BluePerformance,133
1075,EfficientDynamics,133
1076,ES SE,133
1077,Luxury,133
1078,M Sport,133
1079,M Sport Business Edition,133
1080,M Sport Edition,133
1081,M Sport Pro,133
1082,M550i V8,133
1083,MHT,133
1084,Modern,133
1085,SE,133
1086,SE Business Edition,133
1087,Sport,133
1088,520d,134
1089,530d,134
1090,535d,134
1091,535i,134
1092,550i V8,134
1093,Executive,134
1094,Luxury,134
1095,M Sport,134
1096,SE,134
1097,630i,135
1098,635CSi,135
1099,635d,135
1100,640d,135
1101,640i,135
1102,645Ci V8,135
1103,650i V8,135
1104,Edition Sport,135
1105,M Sport,135
1106,SE,135
1107,Sport,135
1108,640d,136
1109,640i,136
1110,650i V8,136
1111,M Sport,136
1112,SE,136
1113,620d,137
1114,630d,137
1115,630i,137
1116,640i,137
1117,M Sport,137
1118,SE,137
1119,725d,138
1120,725Ld,138
1121,728i,138
1122,730d,138
1123,730i,138
1124,730Ld,138
1125,735i,138
1126,735Li V8,138
1127,740d,138
1128,740e,138
1129,740i,138
1130,740Ld,138
1131,740Le,138
1132,740Li,138
1133,745e,138
1134,745i,138
1135,745i V8,138
1136,745Le,138
1137,750e,138
1138,750i,138
1139,750i V8,138
1140,750Li V8,138
1141,760Li V12,138
1142,ActiveHybrid 7,138
1143,BluePerformance,138
1144,Excellence,138
1145,Exclusive,138
1146,L,138
1147,M Sport,138
1148,M Sport Exclusive,138
1149,M Sport Luxury Edition,138
1150,M760e,138
1151,M760L V12,138
1152,MHT,138
1153,SE,138
1154,SE Exclusive,138
1155,SE Luxury Edition,138
1156,Sport,138
1157,840Ci V8,139
1158,840d,139
1159,840i,139
1160,850Ci,139
1161,850CSi,139
1162,850i,139
1163,Ci,139
1164,Ci Sport,139
1165,First Edition,139
1166,M Sport,139
1167,M850i V8,139
1168,MHT,139
1169,840d,140
1170,840i,140
1171,M Sport,140
1172,M850i V8,140
1173,MHT,140
1174,BiTurbo,141
1175,S,141
1176,BiTurbo,142
1177,BiTurbo V8,143
1178,i V8,143
1179,V8,144
1180,d,145
1181,d BiTurbo,145
1182,Lux,145
1183,MHT,145
1184,S,145
1185,d BiTurbo,146
1186,d,147
1187,d,148
1188,d BiTurbo,148
1189,MHT,148
1190,Fluid Grey Edition,149
1191,S,149
1192,35,150
1193,40,150
1194,M Sport,150
1195,M50,150
1196,Sport,150
1197,40,151
1198,M Sport,151
1199,M Sport Pro,151
1200,M60,151
1201,Sport Edition,151
1202,50,152
1203,60,152
1204,Excellence,152
1205,M Sport,152
1206,M70e,152
1207,Protonic Dark Silver Edition,153
1208,Protonic Frozen Black Edition,153
1209,40,154
1210,45,154
1211,50,154
1212,M Sport,154
1213,M Sport Edition,154
1214,M60,154
1215,Sport,154
1216,20,155
1217,30,155
1218,M Sport,155
1219,Shadow Edition,155
1220,Sport,155
1221,xLine,155
1222,20,156
1223,30,156
1224,M Sport,156
1225,Shadow Edition,156
1226,M Sport,157
1227,M Sport Pro,157
1228,Premier Edition,157
1229,Premier Edition Pro,157
1230,BiTurbo,158
1231,Competition,158
1232,CS,158
1233,i,158
1234,30 Jahre Edition,159
1235,Alpine,159
1236,BiTurbo,159
1237,Competition,159
1238,CS,159
1239,Evolution,159
1240,Evolution II,159
1241,Frozen Silver Edition,159
1242,i,159
1243,iV8,159
1244,Limited Edition 500,159
1245,Monte Carlo,159
1246,Sport Evolution,159
1247,V8,159
1248,BiTurbo,160
1249,Competition,160
1250,CS,160
1251,CSL,160
1252,DTM,160
1253,GTS,160
1254,Heritage Edition,160
1255,30 Jahre Edition,161
1256,535i,161
1257,Competition,161
1258,Competition 35 Jahre Edition,161
1259,Competition Edition,161
1260,i,161
1261,i V8,161
1262,M Performance Edition,161
1263,V10,161
1264,V8,161
1265,V10,162
1266,V8,162
1267,V8,163
1268,Competition,164
1269,i V8,164
1270,Competition,165
1271,i V8,165
1272,M8i V8,165
1273,18d,166
1274,18I,166
1275,20D,166
1276,20D ED,166
1277,20i,166
1278,23D,166
1279,23I,166
1280,25D,166
1281,25E,166
1282,30 Jahre Edition,166
1283,30E,166
1284,535i,166
1285,Competition,166
1286,Competition 35 Jahre Edition,166
1287,Competition Edition,166
1288,EfficientDynamics,166
1289,EfficientDynamics Business,166
1290,i,166
1291,i V8,166
1292,M Performance Edition,166
1293,M Sport,166
1294,M35i,166
1295,MHT,166
1296,SE,166
1297,SPORT,166
1298,SPORT NAV PLUS,166
1299,V10,166
1300,V8,166
1301,XLine,166
1302,XLine Nav Plus,166
1303,18d,167
1304,18i,167
1305,20d,167
1306,20i,167
1307,25e,167
1308,M Mesh Edition,167
1309,M Sport,167
1310,M Sport X,167
1311,M35i,167
1312,MHT,167
1313,SE,167
1314,Sport,167
1315,18d,168
1316,20d,168
1317,20i,168
1318,30d,168
1319,30e,168
1320,30i,168
1321,35d,168
1322,BluePerformance,168
1323,d,168
1324,i,168
1325,Limited Sport Edition,168
1326,M Sport,168
1327,M40d,168
1328,M40i,168
1329,M50i,168
1330,MHT,168
1331,Pro Edition,168
1332,sd,168
1333,SE,168
1334,SE Edition Exclusive,168
1335,SE Edition Premium,168
1336,si,168
1337,Sport,168
1338,xLine,168
1339,Competition,169
1340,i,169
1341,20d,170
1342,30d,170
1343,35d,170
1344,M Sport,170
1345,M Sport X,170
1346,M40d,170
1347,M40i,170
1348,MHT,170
1349,SE,170
1350,Sport,170
1351,xLine,170
1352,Competition,171
1353,i,171
1354,10-Year Edition,172
1355,25d,172
1356,30d,172
1357,30i,172
1358,35d,172
1359,40d,172
1360,40e,172
1361,40i,172
1362,45e,172
1363,50e,172
1364,50i V8,172
1365,Black Vermilion Edition,172
1366,d,172
1367,i,172
1368,i V8,172
1369,iS V8,172
1370,Le Mans Blue Sport Edition,172
1371,M Sport,172
1372,M50d,172
1373,M50i V8,172
1374,M60i,172
1375,MHT,172
1376,sd,172
1377,SE,172
1378,si,172
1379,Sport,172
1380,Sport Exclusive Edition,172
1381,xLine,172
1382,BiTurbo V8,173
1383,Competition,173
1384,First Edition,173
1385,i V8,173
1386,30d,174
1387,35d,174
1388,35i,174
1389,40d,174
1390,40i,174
1391,50i V8,174
1392,Black Vermilion Edition,174
1393,M Sport,174
1394,M50d,174
1395,M50i V8,174
1396,M60i V8,174
1397,MHT,174
1398,SE,174
1399,BiTurbo V8,175
1400,Competition,175
1401,i V8,175
1402,30d,176
1403,40d,176
1404,40i,176
1405,Excellence,176
1406,M Sport,176
1407,M50d,176
1408,M50i V8,176
1409,M60i V8,176
1410,MHT,176
1411,50e,177
1412,Label,177
1413,Label Red,177
1414,Label Red Edition,177
1415,i,178
1416,Sport,178
1417,18i,179
1418,20i,179
1419,23i,179
1420,28i,179
1421,30i,179
1422,35i,179
1423,35is,179
1424,Edition Sport,179
1425,First Edition,179
1426,Handschalter,179
1427,Highline Edition,179
1428,i,179
1429,M Sport,179
1430,M Sport Highline Edition,179
1431,M40i,179
1432,SE,179
1433,si,179
1434,Sport,179
1435,i,180
1436,V8,181
1437,Comfort,182
1438,Design,182
1439,Active,183
1440,Boost,183
1441,Comfort,183
1442,Design,183
1443,Design,184
1444,Excellence,184
1445,Boost,185
1446,Comfort,185
1447,Design,185
1448,DM-i,185
1449,Comfort,186
1450,Design,186
1451,Excellence,186
1452,Sport Luxury,187
1453,Sport Luxury,188
1454,Sport Luxury,189
1455,270,190
1456,420,190
1457,360 R,190
1458,360 S,190
1459,420 R,190
1460,420 S,190
1461,620 R,190
1462,620 S,190
1463,K-Series Super Sport,190
1464,Roadsport,190
1465,Superlight R300,190
1466,Superlight R500,190
1467,Ti-VCT,190
1468,LS,191
1469,LT,191
1470,LTZ,191
1471,S,191
1472,VCDi,191
1473,VCDi ECO,191
1474,V8,192
1475,i,193
1476,LS,193
1477,LT,193
1478,LTX,193
1479,LTZ,193
1480,VCDi,193
1481,2LT,194
1482,3LT,194
1483,V8,194
1484,LS,195
1485,LT,195
1486,LTZ,195
1487,VCDi,195
1488,S,196
1489,SE,196
1490,SX,196
1491,CDX,197
1492,SE,197
1493,SX,197
1494,S,198
1495,SE,198
1496,SE Flair,198
1497,SE+,198
1498,SX,198
1499,LS,199
1500,LT,199
1501,LTZ,199
1502,VCDi,199
1503,i,200
1504,LS,200
1505,LT,200
1506,LTZ,200
1507,Plus,200
1508,CDX,201
1509,LS,202
1510,LT,202
1511,T,202
1512,VCDi,202
1513,CRD,203
1514,CRD V6,203
1515,Executive,203
1516,Hemi,203
1517,Hemi V8,203
1518,Limited,203
1519,LUX,203
1520,SRT Design,203
1521,SRT-8,203
1522,Roadster,204
1523,SRT-6,204
1524,25th Anniversary,205
1525,CRD,205
1526,Executive,205
1527,Executive XS,205
1528,Limited,205
1529,Limited XS,205
1530,LX,205
1531,SR,205
1532,Touring,205
1533,V6,205
1534,Classic,206
1535,Touring,206
1536,CRD,207
1537,CRD,208
1538,Executive,208
1539,LX,208
1540,LX Plus,208
1541,Black&Red,209
1542,Limited,209
1543,Platinum,209
1544,S,209
1545,S-Series,209
1546,SE,209
1547,Silver,209
1548,TwinAir,209
1549,Dolly,210
1550,Special,210
1551,My Ami Buggy,211
1552,My Ami Pop,211
1553,My Ami Tonic,211
1554,Chicago,212
1555,Airdream,213
1556,BlueHDi,213
1557,BlueHDi 725,213
1558,BlueHDi 850,213
1559,D,213
1560,Desire Multispace,213
1561,e-HDi,213
1562,Enterprise XL,213
1563,Enterprise XL Edition,213
1564,Feel,213
1565,Feel Edition,213
1566,Feel M,213
1567,First,213
1568,Flair,213
1569,Flair XTR,213
1570,Flair XTR M,213
1571,Forte Multispace,213
1572,HDi,213
1573,HDi 725,213
1574,HDi 750,213
1575,i,213
1576,Plus,213
1577,PureTech,213
1578,TD,213
1579,VT,213
1580,VTi,213
1581,VTR,213
1582,X,213
1583,XTR,213
1584,Exclusive,214
1585,HDi,214
1586,VTR+,214
1587,Airplay,215
1588,Code,215
1589,Connexion,215
1590,Edition,215
1591,ELLE,215
1592,Feel,215
1593,Feel Edition,215
1594,Flair,215
1595,Flair Edition,215
1596,Furio,215
1597,i,215
1598,JCC+,215
1599,Origins,215
1600,Platinum,215
1601,PureTech,215
1602,Rhythm,215
1603,Sense,215
1604,Shine,215
1605,Splash,215
1606,Touch,215
1607,Urban Ride,215
1608,Vibe,215
1609,VT,215
1610,VTi,215
1611,VTR,215
1612,VTR+,215
1613,Cachet,216
1614,Code,216
1615,Cool,216
1616,Design,216
1617,Furio,216
1618,HDi,216
1619,i,216
1620,L,216
1621,SX,216
1622,VT,216
1623,VTR,216
1624,VTS,216
1625,Airdream,217
1626,Airdream +,217
1627,Black,217
1628,BlueHDi,217
1629,C-Series,217
1630,C-Series Edition,217
1631,Cachet,217
1632,Connexion,217
1633,Cool,217
1634,Desire,217
1635,e-HDi,217
1636,e-VTi,217
1637,Edition,217
1638,Elle,217
1639,Exclusive,217
1640,Feel,217
1641,Feel Nav Edition,217
1642,Flair,217
1643,Flair Nav Edition,217
1644,Flair Plus,217
1645,HDi,217
1646,i,217
1647,LX,217
1648,MAX,217
1649,Origins,217
1650,Platinum,217
1651,Plus,217
1652,PureTech,217
1653,Rhythm,217
1654,Saint James,217
1655,Selection,217
1656,Sense,217
1657,Shine,217
1658,Shine Plus,217
1659,SX,217
1660,Touch,217
1661,Turbo,217
1662,VT,217
1663,VTi,217
1664,VTR,217
1665,VTR+,217
1666,White,217
1667,XTR,217
1668,YOU!,217
1669,BlueHDi,218
1670,C-Series,218
1671,C-Series Edition,218
1672,Feel,218
1673,Flair,218
1674,MAX,218
1675,Origins,218
1676,PLUS,218
1677,PureTech,218
1678,PureTech MHEV,218
1679,Rip Curl,218
1680,Shine,218
1681,Shine Plus,218
1682,Turbo,218
1683,YOU!,218
1684,Airdream +,219
1685,Blackcherry,219
1686,BlueHDi,219
1687,Code,219
1688,Connexion,219
1689,Edition,219
1690,Exclusive,219
1691,HDi,219
1692,Platinum,219
1693,PureTech,219
1694,Selection,219
1695,VT,219
1696,VTi,219
1697,VTR+,219
1698,Code,220
1699,Cote d Azur,220
1700,i,220
1701,Latte,220
1702,Airdream,221
1703,Airdream +,221
1704,BlueHDi,221
1705,by Loeb,221
1706,C-Series Edition,221
1707,Cachet,221
1708,Cool,221
1709,e-HDi,221
1710,Edition,221
1711,Exclusive,221
1712,Feel,221
1713,Flair,221
1714,HDi,221
1715,i,221
1716,LX,221
1717,MAX,221
1718,PLUS,221
1719,PureTech,221
1720,PureTech MHEV,221
1721,Selection,221
1722,Sense,221
1723,Sense Plus,221
1724,Shine,221
1725,Shine Plus,221
1726,SX,221
1727,Touch,221
1728,VTi,221
1729,VTR,221
1730,VTR+,221
1731,VTS,221
1732,YOU!,221
1733,BlueHDi,222
1734,e-HDi,222
1735,Feel,222
1736,Feel Edition,222
1737,Flair,222
1738,Flair Edition,222
1739,Origins,222
1740,PureTech,222
1741,Rip Curl,222
1742,Touch,222
1743,W,222
1744,Airdream,223
1745,BlueHDi,223
1746,Connexion,223
1747,e-HDi,223
1748,Edition,223
1749,Exclusive,223
1750,Exclusive+,223
1751,Feel,223
1752,Flair,223
1753,HDi,223
1754,i,223
1755,Platinum,223
1756,PureTech,223
1757,Selection,223
1758,SX,223
1759,THP,223
1760,Touch Edition,223
1761,VTi,223
1762,VTR,223
1763,VTR+,223
1764,BlueHDi,224
1765,Feel,224
1766,Flair,224
1767,PureTech,224
1768,Touch Edition,224
1769,MAX,225
1770,PLUS,225
1771,PureTech,225
1772,PureTech MHEV,225
1773,Shine,225
1774,YOU!,225
1775,BlueHDi,226
1776,Exclusive,226
1777,HDi,226
1778,HDi V6,226
1779,i,226
1780,SX,226
1781,THP,226
1782,VTR,226
1783,VTR+,226
1784,VTX+,226
1785,BlueHDi,227
1786,C-Series,227
1787,C-Series Edition,227
1788,e-series,227
1789,Feel,227
1790,Flair,227
1791,Flair Plus,227
1792,MAX,227
1793,MAX Edition,227
1794,PLUS,227
1795,PureTech,227
1796,PureTech MHEV,227
1797,Sense,227
1798,Sense Plus,227
1799,Shine,227
1800,Shine Plus,227
1801,HYPNOS,228
1802,MAX,228
1803,PLUS,228
1804,PureTech,228
1805,PureTech MHEV,228
1806,Sense Plus,228
1807,Shine,228
1808,Shine Plus,228
1809,YOU!,228
1810,Exclusive,229
1811,HDi,229
1812,HDi V6,229
1813,Lignage,229
1814,Exclusive,230
1815,HDi,230
1816,LX,230
1817,SX,230
1818,1000 HDi,231
1819,BlueHDi,231
1820,BlueHDi 1200,231
1821,BlueHDi 1400,231
1822,Driver M,231
1823,Driver Pro M,231
1824,Enterprise Edition M,231
1825,Enterprise M,231
1826,Enterprise Pro M,231
1827,Enterprise Pro XL,231
1828,Enterprise XL,231
1829,HDi,231
1830,SX,231
1831,XS,231
1832,Airdream,232
1833,Black,232
1834,BlueHDi,232
1835,DSign,232
1836,DSign by Benefit,232
1837,DSign Ice,232
1838,DSign Plus,232
1839,DSire,232
1840,DSire Plus,232
1841,DSport,232
1842,DSport Pink,232
1843,DSport Plus,232
1844,DSport Red,232
1845,DStyle,232
1846,DStyle by Benefit,232
1847,DStyle Ice,232
1848,DStyle Pink,232
1849,DStyle Plus,232
1850,DStyle Techno,232
1851,e-HDi,232
1852,HDi,232
1853,Orla Kiely,232
1854,PureTech,232
1855,Racing,232
1856,Racing Black,232
1857,THP,232
1858,Ultra Prestige,232
1859,VTi,232
1860,White,232
1861,Airdream,233
1862,BlueHDi,233
1863,DSign,233
1864,DSire,233
1865,DSport,233
1866,DSport Plus,233
1867,DStyle,233
1868,DStyle Plus,233
1869,e-HDi,233
1870,PureTech,233
1871,THP,233
1872,VTi,233
1873,Airdream,234
1874,BlueHDi,234
1875,DSign,234
1876,DSport,234
1877,DStyle,234
1878,DStyle Nav,234
1879,e-HDi,234
1880,HDi,234
1881,THP,234
1882,VTi,234
1883,Airdream,235
1884,BlueHDi,235
1885,DSign,235
1886,DSport,235
1887,DStyle,235
1888,e-HDi,235
1889,h e-HDi,235
1890,HDi,235
1891,THP,235
1892,Feel M,236
1893,Feel XL,236
1894,Flair XTR M,236
1895,Flair XTR XL,236
1896,MAX M,236
1897,PLUS M,236
1898,PLUS XL,236
1899,MAX,237
1900,PLUS,237
1901,MAX,238
1902,PLUS,238
1903,C-Series Edition,239
1904,e-series,239
1905,Extended Range,239
1906,MAX,239
1907,PLUS,239
1908,Sense,239
1909,Sense Plus,239
1910,Shine,239
1911,Shine Plus,239
1912,Standard Range,239
1913,YOU!,239
1914,e-series,240
1915,Extended Range,240
1916,MAX,240
1917,PLUS,240
1918,Shine,240
1919,Shine Plus,240
1920,Standard Range,240
1921,YOU!,240
1922,Business Edition M,241
1923,Business Edition XL,241
1924,Business Lounge XL,241
1925,Business M,241
1926,Business XL,241
1927,Feel M,241
1928,MAX,241
1929,YOU!,241
1930,Airdream,242
1931,BlueHDi,242
1932,e-HDi,242
1933,Edition,242
1934,Exclusive,242
1935,Exclusive+,242
1936,Feel,242
1937,Flair,242
1938,HDi,242
1939,i,242
1940,Platinum,242
1941,PureTech,242
1942,Selection,242
1943,SX,242
1944,THP,242
1945,Touch Edition,242
1946,VTi,242
1947,VTR,242
1948,VTR+,242
1949,BlueHDi,243
1950,Feel,243
1951,Feel Plus,243
1952,Flair,243
1953,Flair Plus,243
1954,Live,243
1955,PureTech,243
1956,Sense,243
1957,Shine,243
1958,THP,243
1959,Touch Edition,243
1960,Touch Plus,243
1961,BlueHDi,244
1962,MAX M,244
1963,HDi,245
1964,i,245
1965,BlueHDi,246
1966,Enterprise,246
1967,Desire,247
1968,Forte,247
1969,i,247
1970,VTR,247
1971,BlueHDi,248
1972,Business Lounge M,248
1973,Business M,248
1974,Business XS,248
1975,Feel M,248
1976,Feel XL,248
1977,Flair M,248
1978,Flair XL,248
1979,Flair XS,248
1980,Forte,249
1981,HDi,249
1982,i,250
1983,LX,250
1984,SX,250
1985,Desire,251
1986,Exclusive,251
1987,HDi,251
1988,i,251
1989,SX,251
1990,VTX,251
1991,EcoTSI,252
1992,TSI,252
1993,V1,252
1994,V2,252
1995,VZ1,252
1996,VZ2,252
1997,VZ3,252
1998,VZN,252
1999,e-Boost,253
2000,V1,253
2001,V2,253
2002,V2 Edition,253
2003,V3,253
2004,VZ,253
2005,VZ First Edition,253
2006,eHybrid,254
2007,eTSI EVO,254
2008,TSI,254
2009,V1,254
2010,V2,254
2011,V3,254
2012,VZ Edition,254
2013,VZ First Edition,254
2014,VZ1,254
2015,VZ2,254
2016,VZ3,254
2017,VZN,254
2018,eHybrid,255
2019,eTSI EVO,255
2020,First Edition,255
2021,TSI,255
2022,V1,255
2023,V1 Design Edition,255
2024,V2,255
2025,V3,255
2026,VZ First Edition,255
2027,VZ1,255
2028,VZ2,255
2029,VZ2 Design Edition,255
2030,VZ3,255
2031,VZ3 Design Edition,255
2032,V1,256
2033,V2,256
2034,VZ1,256
2035,VZ2,256
2036,Americas Cup Edition,257
2037,eHybrid,257
2038,eTSI,257
2039,TSI,257
2040,V1,257
2041,V2,257
2042,VZ First Edition,257
2043,VZ1,257
2044,VZ2,257
2045,Expression,258
2046,EXTREME,258
2047,Journey,258
2048,MHEV,258
2049,TCe,258
2050,Access,259
2051,Air,259
2052,Ambiance,259
2053,Ambiance Prime,259
2054,Blue dCi,259
2055,Comfort,259
2056,dCi,259
2057,Essential,259
2058,Expression,259
2059,EXTREME,259
2060,Extreme SE,259
2061,Hybrid,259
2062,Journey,259
2063,Journey Up&Go,259
2064,Laureate,259
2065,Laureate Prime,259
2066,MHEV,259
2067,Nav+,259
2068,Prestige,259
2069,SCe,259
2070,SE Summit,259
2071,SE Twenty,259
2072,TCe,259
2073,TCe Bi-Fuel,259
2074,Techroad,259
2075,Comfort,260
2076,Essential,260
2077,Expression,260
2078,EXTREME,260
2079,Extreme SE,260
2080,Hybrid,260
2081,TCe,260
2082,Access,261
2083,Ambiance,261
2084,Blue dCi,261
2085,Comfort,261
2086,dCi,261
2087,Essential,261
2088,Laureate,261
2089,SCe,261
2090,TCe,261
2091,Blue dCi,262
2092,Comfort,262
2093,Laureate,262
2094,SE Twenty,262
2095,TCe,262
2096,Techroad,262
2097,Access,263
2098,Ambiance,263
2099,Ambiance Prime,263
2100,Blue dCi,263
2101,Comfort,263
2102,dCi,263
2103,Essential,263
2104,Expression,263
2105,Journey,263
2106,Laureate,263
2107,Laureate Prime,263
2108,Midnight,263
2109,SCe,263
2110,TCe,263
2111,TCe Bi-Fuel,263
2112,Ambiance,264
2113,Blue dCi,264
2114,Comfort,264
2115,dCi,264
2116,Essential,264
2117,Expression,264
2118,EXTREME,264
2119,Journey,264
2120,Laureate,264
2121,Prestige,264
2122,SCe,264
2123,SE Summit,264
2124,SE Twenty,264
2125,TCe,264
2126,Techroad,264
2127,45,265
2128,65,265
2129,Expression,265
2130,EXTREME,265
2131,S,266
2132,SE,266
2133,SX,266
2134,Xtra,267
2135,Xtra Cool,267
2136,EL,268
2137,SL,268
2138,Roadster,269
2139,Vivid,269
2140,Plus,270
2141,S,270
2142,SE,270
2143,SX,270
2144,Centenary Limited Edition,271
2145,S,271
2146,SE,271
2147,SX,271
2148,Tracker,271
2149,V8,272
2150,Double Six,273
2151,Six,273
2152,Super,273
2153,V8,273
2154,SE,274
2155,SXT,274
2156,SXT,275
2157,SXT Sport,275
2158,TD,275
2159,CRD,276
2160,RT,276
2161,SE,276
2162,CRD,277
2163,SXT,277
2164,V8,277
2165,Laramie,278
2166,V8 Hemi,278
2167,SRT 10,279
2168,1955,280
2169,Bastille,280
2170,Black Lezard,280
2171,BlueHDi,280
2172,Cafe Racer,280
2173,Chic,280
2174,Connected Chic,280
2175,Dark Light,280
2176,DSign,280
2177,DSport,280
2178,DStyle,280
2179,DStyle Nav,280
2180,E-TENSE,280
2181,Elegance,280
2182,Etoile,280
2183,Forever,280
2184,Givenchy Le Makeup,280
2185,Hybrid,280
2186,Ines de la Fressange,280
2187,MHEV,280
2188,Opera,280
2189,Pallas,280
2190,Pallas 55,280
2191,Parthenon Cream,280
2192,Performance Black,280
2193,Performance Line,280
2194,Performance Line +,280
2195,Prestige,280
2196,PureTech,280
2197,Rivoli,280
2198,THP,280
2199,Ultra Prestige,280
2200,1955,281
2201,BlueHDi,281
2202,DSign,281
2203,DSport,281
2204,DStyle,281
2205,DStyle Nav,281
2206,Elegance,281
2207,Performance,281
2208,Performance Line,281
2209,Prestige,281
2210,PureTech,281
2211,THP,281
2212,Ultra Prestige,281
2213,Bastille,282
2214,BlueHDi,282
2215,E-TENSE,282
2216,Elegance,282
2217,Ines De La Fressange,282
2218,La Premiere,282
2219,Louvre,282
2220,Performance Line,282
2221,Performance Line +,282
2222,Prestige,282
2223,PureTech,282
2224,Rivoli,282
2225,Ultra Prestige,282
2226,Antoine De Saint Exupery,283
2227,Bastille +,283
2228,BlueHDi,283
2229,Cross Rivoli,283
2230,Cross Trocadero,283
2231,DSport,283
2232,DStyle Nav,283
2233,E-TENSE,283
2234,Elegance,283
2235,Esprit de Voyage,283
2236,Etoile,283
2237,Hybrid,283
2238,MHEV,283
2239,Opera,283
2240,Pallas,283
2241,Pallas 55,283
2242,Performance Line,283
2243,Performance Line +,283
2244,Prestige,283
2245,PureTech,283
2246,Rivoli,283
2247,Trocadero,283
2248,BlueHDi,284
2249,Moondust,284
2250,PureTech,284
2251,BlueHDi,285
2252,Elegance,285
2253,Prestige,285
2254,BlueHDi,286
2255,E-TENSE,286
2256,Esprit de Voyage,286
2257,Etoile,286
2258,Opera,286
2259,Pallas,286
2260,Performance Line,286
2261,Performance Line +,286
2262,Rivoli,286
2263,BlueHDi,287
2264,E-TENSE,287
2265,Elegance,287
2266,Louvre,287
2267,Opera,287
2268,Performance Line,287
2269,Performance Line +,287
2270,Prestige,287
2271,PureTech,287
2272,Rivoli,287
2273,Ultra Prestige,287
2274,E-TENSE,288
2275,Opera,288
2276,Performance Line +,288
2277,PureTech,288
2278,Rivoli +,288
2279,E-TENSE,289
2280,Etoile,289
2281,High Range,289
2282,Pallas,289
2283,GTB,290
2284,Quattrovalvole,290
2285,GTB,291
2286,GTS,291
2287,SP,292
2288,ts,292
2289,Modena,293
2290,Modena F1,293
2291,Scuderia,294
2292,GTA,295
2293,Italia,296
2294,Speciale,296
2295,Speciale A Spider,296
2296,Spider,296
2297,GTB,297
2298,T V8,297
2299,Maranello,298
2300,GTB Fiorano,299
2301,GTO,299
2302,V12,299
2303,Scaglietti,300
2304,Scaglietti FI,300
2305,V12,301
2306,T V6,302
2307,T V6,303
2308,T V8,304
2309,Maranello,305
2310,Maranello F1,305
2311,V12,306
2312,V12,307
2313,V12,308
2314,30,309
2315,HELE V8,309
2316,T,309
2317,V8,309
2318,V12,310
2319,V12,311
2320,Berlinetta,312
2321,GTS,312
2322,T V8,313
2323,T V8,314
2324,V12,315
2325,T V8,316
2326,V12,316
2327,Quattrovalvole,317
2328,T,317
2329,T V8,318
2330,T V8,319
2331,V12,320
2332,T V8,321
2333,T V8,322
2334,T V8,323
2335,F1,324
2336,120th,325
2337,8V,325
2338,Anniversario,325
2339,ByDiesel,325
2340,byGucci,325
2341,Collezione,325
2342,Collezione Fall,325
2343,Colour Therapy,325
2344,Connect,325
2345,Cult,325
2346,Dolcevita,325
2347,Dolcevita Plus,325
2348,GQ,325
2349,Hey Google,325
2350,Launch Edition,325
2351,Lounge,325
2352,Matt Black,325
2353,MHEV,325
2354,Mirror,325
2355,MultiJet,325
2356,Pink,325
2357,Plus,325
2358,Pop,325
2359,Pop Star,325
2360,RED,325
2361,Riva,325
2362,Rock Star,325
2363,Ron Arad Edition,325
2364,S,325
2365,Sport,325
2366,Star,325
2367,Start and Stop,325
2368,Street,325
2369,Top,325
2370,TwinAir,325
2371,Vintage 57,325
2372,La Prima,326
2373,MHEV,326
2374,Anniversary,327
2375,Classica,327
2376,Lusso,327
2377,Lusso Plus,327
2378,MultiAir,327
2379,S-Design,327
2380,120th,328
2381,60th,328
2382,Anniversario,328
2383,byGucci,328
2384,Collezione,328
2385,Colour Therapy,328
2386,Cult,328
2387,Dolcevita,328
2388,Dolcevita Plus,328
2389,Hey Google,328
2390,Lounge,328
2391,MHEV,328
2392,MultiJet,328
2393,Pink,328
2394,Pop,328
2395,Pop Star,328
2396,RED,328
2397,Riva,328
2398,Rock Star,328
2399,S,328
2400,Sport,328
2401,Star,328
2402,Top,328
2403,TwinAir,328
2404,Action,329
2405,Giorgio Armani,329
2406,Icon,329
2407,La Prima,329
2408,Passion,329
2409,RED,329
2410,Icon,330
2411,La Prima,330
2412,Passion,330
2413,RED,330
2414,120th,331
2415,Beats Edition,331
2416,City Cross,331
2417,Cross,331
2418,Easy,331
2419,Hey Google,331
2420,Lounge,331
2421,Mirror,331
2422,MultiJet,331
2423,Pop,331
2424,Pop Star,331
2425,S-Design,331
2426,Sport,331
2427,Trekking,331
2428,TwinAir,331
2429,Urban,331
2430,120th,332
2431,City Cross,332
2432,Club,332
2433,Connect,332
2434,Cross,332
2435,Cross Plus,332
2436,E-Torq,332
2437,FireFly Turbo,332
2438,Hey Google,332
2439,Lounge,332
2440,MHEV,332
2441,Mirror,332
2442,MultiAir,332
2443,MultiJet,332
2444,MultiJetII,332
2445,Pop,332
2446,Pop Star,332
2447,RED,332
2448,S-Design,332
2449,Sport,332
2450,Top,332
2451,Urban,332
2452,Cross,333
2453,FireFly Turbo,333
2454,MHEV,333
2455,RED,333
2456,Sport,333
2457,Top,333
2458,La Prima,334
2459,RED,334
2460,LE,335
2461,Active,336
2462,Active Sport,336
2463,Bravo,336
2464,Dynamic,336
2465,MultiAir,336
2466,MultiJet,336
2467,Sport,336
2468,T-Jet,336
2469,Soleil,337
2470,Turbo,338
2471,Active,339
2472,Dynamic,339
2473,Easy,339
2474,Eleganza,339
2475,JTD,339
2476,Lounge,339
2477,Maxi Active,339
2478,Maxi N1 SX,339
2479,Maxi Tecnico,339
2480,MultiJet,339
2481,MultiJetII,339
2482,MyLife,339
2483,N1 Active,339
2484,Pop,339
2485,SX,339
2486,TD,339
2487,15,340
2488,Active,341
2489,Adventure,341
2490,Cargo,341
2491,Cargo Adventure,341
2492,Cargo SX,341
2493,JTD,341
2494,Multijet,341
2495,MultiJet II,341
2496,SX,341
2497,Tecnico,341
2498,Cross,342
2499,D,342
2500,LX,342
2501,SX,342
2502,Icon,343
2503,La Prima,343
2504,MHEV,343
2505,RED,343
2506,Active,344
2507,Active Sport,344
2508,Dynamic,344
2509,Dynamic Sport,344
2510,Eleganza,344
2511,GP,344
2512,MultiJet,344
2513,Sound,344
2514,Sporting,344
2515,T-Jet,344
2516,Dynamic,345
2517,Dynamic Plus,345
2518,MultiJet,345
2519,100HP,346
2520,4x4,346
2521,4x4 Antarctica,346
2522,4x4 Cross,346
2523,Active,346
2524,City Cross,346
2525,City Life,346
2526,Cross,346
2527,Dynamic,346
2528,Easy,346
2529,Easy +,346
2530,Eleganza,346
2531,Garmin,346
2532,JTD,346
2533,Lounge,346
2534,Mamy,346
2535,MHEV,346
2536,MultiJet,346
2537,MyLife,346
2538,Panda,346
2539,Pop,346
2540,RED,346
2541,Sport,346
2542,Top,346
2543,Trekking,346
2544,Trussardi,346
2545,TwinAir,346
2546,Waze,346
2547,Wild,346
2548,Active,347
2549,Active Plus,347
2550,Active Sport,347
2551,Dynamic,347
2552,Easy,347
2553,Easy +,347
2554,GBT,347
2555,Jet Black II,347
2556,MultiAir,347
2557,MultiJet,347
2558,Pop,347
2559,Pop +,347
2560,Sporting,347
2561,TwinAir,347
2562,Active,348
2563,Dynamic,348
2564,Eleganza,348
2565,GP,348
2566,MultiAir,348
2567,My Life,348
2568,Sporting,348
2569,Active,349
2570,Dynamic,349
2571,Lounge,349
2572,MultiJet,349
2573,MultiJetII,349
2574,My Life,349
2575,Pop,349
2576,Trekking,349
2577,JTD,350
2578,MultiJet,350
2579,Panorama Family,350
2580,Eleganza,351
2581,MultiJet,351
2582,Active Sport,352
2583,Sporting,352
2584,MultiJet 12,353
2585,Onyx Edition,353
2586,SX,353
2587,Tecnico,353
2588,City Life,354
2589,City Sport,354
2590,Cross,354
2591,E-Torq,354
2592,Easy,354
2593,Easy Plus,354
2594,Elite,354
2595,FireFly Turbo,354
2596,Garmin,354
2597,ie,354
2598,Life,354
2599,Lounge,354
2600,MHEV,354
2601,Mirror,354
2602,MPI,354
2603,MultiJetII,354
2604,RED,354
2605,S-Design,354
2606,Start,354
2607,Street,354
2608,T-Jet,354
2609,Formula,355
2610,VS,356
2611,Extreme,357
2612,Hyper Range,357
2613,One,357
2614,Sport,357
2615,Touring Range,357
2616,Ultra,357
2617,EcoBoost,358
2618,Studio,358
2619,T,358
2620,TDCi,358
2621,Titanium,358
2622,Titanium Navigator,358
2623,Titanium X,358
2624,Titanium X Navigator,358
2625,Zetec,358
2626,Zetec Navigator,358
2627,EcoBoost,359
2628,ECOnetic,359
2629,Style,359
2630,T,359
2631,TDCi,359
2632,Ti-VCT,359
2633,Titanium,359
2634,Titanium X,359
2635,Zetec,359
2636,Extended Range,360
2637,Ghia,360
2638,GL,360
2639,Injection Special,360
2640,Laser,360
2641,Limited Edition,360
2642,Premium,360
2643,S,360
2644,Select,360
2645,340,361
2646,Active,361
2647,Titanium,361
2648,Titanium Luxe,361
2649,Titanium X,361
2650,Titanium X Luxe,361
2651,320,362
2652,340,362
2653,Limited,362
2654,MS-RT,362
2655,Sport,362
2656,Trend,362
2657,Active,363
2658,EcoBlue,363
2659,EcoBoost,363
2660,ST-Line,363
2661,ST-Line Design,363
2662,T,363
2663,TDCi,363
2664,Titanium,363
2665,Titanium S,363
2666,Zetec,363
2667,EcoBlue,364
2668,Sport,364
2669,ST-Line,364
2670,TDCi,364
2671,Titanium,364
2672,Vignale,364
2673,Zetec,364
2674,55,365
2675,D,365
2676,Flight,365
2677,Ghia,365
2678,Ghia X,365
2679,GL,365
2680,i,365
2681,L,365
2682,LX,365
2683,Popular,365
2684,RS,365
2685,Si,365
2686,Solar,365
2687,Sport,365
2688,Turbo,365
2689,XR3i,365
2690,Extended Range,366
2691,Premium,366
2692,Select,366
2693,The North Face,366
2694,Active,367
2695,Active 1,367
2696,Active B&O Play,367
2697,Active Edition,367
2698,Active Vignale,367
2699,Active X,367
2700,Active X Edition,367
2701,Black,367
2702,Centura,367
2703,Chequered Flag,367
2704,Classic,367
2705,EcoBoost,367
2706,EcoBoost MHEV,367
2707,ECOnetic,367
2708,Edge,367
2709,Finesse,367
2710,Firefly,367
2711,Flame,367
2712,Flight,367
2713,Frascati,367
2714,Freedom,367
2715,Fun,367
2716,Ghia,367
2717,i,367
2718,LX,367
2719,Metal,367
2720,RS,367
2721,S1600,367
2722,Silver,367
2723,ST,367
2724,ST Edition,367
2725,ST Performance Edition,367
2726,ST-1,367
2727,ST-2,367
2728,ST-200,367
2729,ST-3,367
2730,ST-500,367
2731,ST-Line,367
2732,ST-Line Black Edition,367
2733,ST-Line Edition,367
2734,ST-Line Red Edition,367
2735,ST-Line Vignale,367
2736,ST-Line X,367
2737,ST-Line X Edition,367
2738,Studio,367
2739,Style,367
2740,Style +,367
2741,Style Climate,367
2742,T,367
2743,TD,367
2744,TDCi,367
2745,Ti-VCT,367
2746,Titanium,367
2747,Titanium B&O Play Series,367
2748,Titanium Vignale,367
2749,Titanium X,367
2750,Trend,367
2751,Turbo,367
2752,Vignale,367
2753,Vignale Edition,367
2754,XR2,367
2755,XR2i,367
2756,Zetec,367
2757,Zetec B&O Play Series,367
2758,Zetec Black Edition,367
2759,Zetec Blue Edition,367
2760,Zetec Climate,367
2761,Zetec S,367
2762,Zetec S Black Edition,367
2763,Zetec S Red Edition,367
2764,Zetec White Edition,367
2765,Base,368
2766,EcoBoost,368
2767,EcoBoost MHEV,368
2768,ECOnetic,368
2769,ECOnetic II,368
2770,Sport,368
2771,T,368
2772,TDCI,368
2773,Ti-VCT,368
2774,Trend,368
2775,Active,369
2776,Active Edition,369
2777,Active Style,369
2778,Active Vignale,369
2779,Active X,369
2780,Active X Edition,369
2781,Active X Vignale,369
2782,Active X Vignale Edition,369
2783,Ebony,369
2784,EcoBlue,369
2785,EcoBoost,369
2786,EcoBoost MHEV,369
2787,ECOnetic,369
2788,Edge,369
2789,FFV,369
2790,Flight,369
2791,Ghia,369
2792,i,369
2793,Ink,369
2794,LX,369
2795,RS,369
2796,RS Edition,369
2797,Sport,369
2798,ST,369
2799,ST Edition,369
2800,ST-1,369
2801,ST-170,369
2802,ST-2,369
2803,ST-3,369
2804,ST-500,369
2805,ST-Line,369
2806,ST-Line Edition,369
2807,ST-Line Style,369
2808,ST-Line Vignale,369
2809,ST-Line X,369
2810,ST-Line X Edition,369
2811,Studio,369
2812,Style,369
2813,T,369
2814,TDCi,369
2815,Titanium,369
2816,Titanium Design,369
2817,Titanium Edition,369
2818,Titanium Navigator,369
2819,Titanium Style,369
2820,Titanium Vignale,369
2821,Titanium X,369
2822,Titanium X Edition,369
2823,Trend,369
2824,Vignale,369
2825,Vignale Edition,369
2826,Zetec,369
2827,Zetec Climate,369
2828,Zetec Edition,369
2829,Zetec Navigator,369
2830,Zetec S,369
2831,Zetec S Nav,369
2832,Ghia,370
2833,LX,370
2834,Style,370
2835,TD,370
2836,TDCi,370
2837,Zetec,370
2838,CC-1,371
2839,CC-2,371
2840,CC-3,371
2841,TD,371
2842,TDCi,371
2843,1,372
2844,2,372
2845,3,372
2846,Plus,372
2847,Pursuit Climate,372
2848,Style,372
2849,Style +,372
2850,Style Climate,372
2851,TD,372
2852,TDCi,372
2853,Titanium,372
2854,Zetec,372
2855,Zetec Climate,372
2856,Duratec,373
2857,EcoBlue,373
2858,EcoBoost,373
2859,Ghia,373
2860,h,373
2861,i,373
2862,LX,373
2863,T,373
2864,TDCi,373
2865,TDi,373
2866,Titanium,373
2867,Titanium X,373
2868,Zetec,373
2869,GL,374
2870,Scorpio,374
2871,TD,374
2872,EcoBoost,375
2873,T,375
2874,TDCi,375
2875,Titanium,375
2876,Titanium X,375
2877,Zetec,375
2878,Active,376
2879,EcoBlue,376
2880,EcoBoost,376
2881,Sport,376
2882,Style,376
2883,TDCi,376
2884,Titanium,376
2885,Zetec,376
2886,Collection,377
2887,Design II,377
2888,Digital,377
2889,Edge,377
2890,Grand Prix,377
2891,Grand Prix II,377
2892,Grand Prix III,377
2893,Luxury,377
2894,Metal,377
2895,Sport SE,377
2896,Studio,377
2897,Studio Connect,377
2898,Style,377
2899,Style Climate,377
2900,Tattoo,377
2901,Tattoo Premium,377
2902,TDCi,377
2903,Titanium,377
2904,Zetec,377
2905,Zetec Black Edition,377
2906,Zetec Climate,377
2907,Zetec White Edition,377
2908,Active,378
2909,Studio,378
2910,Ti-VCT,378
2911,Zetec,378
2912,Active,379
2913,Any,379
2914,Black Package Edition,379
2915,Duratec,379
2916,EcoBlue,379
2917,EcoBlue MHEV,379
2918,EcoBoost,379
2919,EcoBoost Duratec,379
2920,Graphite Tech Edition,379
2921,h,379
2922,ST-Line,379
2923,ST-Line Edition,379
2924,ST-Line First Edition,379
2925,ST-Line X,379
2926,ST-Line X Edition,379
2927,ST-Line X First Edition,379
2928,T,379
2929,TDCi,379
2930,Titanium,379
2931,Titanium Edition,379
2932,Titanium First Edition,379
2933,Titanium Sport,379
2934,Titanium X,379
2935,Titanium X Edition,379
2936,Titanium X Sport,379
2937,Vignale,379
2938,Zetec,379
2939,TD,380
2940,ECO,381
2941,EcoBlue,381
2942,EcoBoost,381
2943,ECOnetic,381
2944,Edge,381
2945,Ghia,381
2946,Ghia X,381
2947,GLX,381
2948,Graphite,381
2949,i,381
2950,LX,381
2951,Sport,381
2952,ST,381
2953,ST-200,381
2954,ST-220,381
2955,ST-24,381
2956,ST-Line,381
2957,ST-Line Edition,381
2958,ST-Line X,381
2959,Style,381
2960,T,381
2961,TD,381
2962,TDCi,381
2963,Titanium,381
2964,Titanium +,381
2965,Titanium Edition,381
2966,Titanium X,381
2967,Titanium X Business Edition,381
2968,Titanium X Sport,381
2969,TiVCT,381
2970,V6,381
2971,Vignale,381
2972,Zetec,381
2973,Zetec Business Edition,381
2974,Zetec Edition,381
2975,55 Edition,382
2976,Bullitt,382
2977,Dark Horse,382
2978,EcoBoost,382
2979,GT,382
2980,GT Shadow Edition,382
2981,Mach 1,382
2982,T,382
2983,V8,382
2984,Extended Range,383
2985,First Edition,383
2986,GT,383
2987,Premium,383
2988,Select,383
2989,Standard Range,383
2990,Any,384
2991,Equipe,384
2992,GL,384
2993,LX,384
2994,EcoBoost,385
2995,EcoBoost MHEV,385
2996,Racing,385
2997,ST,385
2998,ST Gold Edition,385
2999,ST-Line,385
3000,ST-Line Design,385
3001,ST-Line Vignale,385
3002,ST-Line X,385
3003,ST-Line X First Edition,385
3004,ST-Line X First Edition Plus,385
3005,ST-Line X Gold Edition,385
3006,ST-Line X Vignale,385
3007,T,385
3008,Thunder,385
3009,Titanium,385
3010,Titanium Design,385
3011,Titanium First Edition,385
3012,Vivid Ruby Edition,385
3013,Premium,386
3014,Select,386
3015,Standard Range,386
3016,Black Edition,387
3017,EcoBlue,387
3018,EcoBoost,387
3019,Limited,387
3020,Limited 1,387
3021,Limited 2,387
3022,MS-RT,387
3023,Platinum,387
3024,Raptor,387
3025,Stormtrak,387
3026,T V6,387
3027,TD,387
3028,TD V6,387
3029,TDCi,387
3030,TDdi,387
3031,Thunder,387
3032,Tremor,387
3033,Wildtrak,387
3034,Wildtrak X,387
3035,Wolftrak,387
3036,XL,387
3037,XLT,387
3038,XLT Thunder,387
3039,Duratec,388
3040,EcoBlue,388
3041,EcoBoost,388
3042,h,388
3043,LX,388
3044,ST-Line,388
3045,T,388
3046,TDCi,388
3047,Titanium,388
3048,Titanium Sport,388
3049,Titanium X Sport,388
3050,Vignale,388
3051,Zetec,388
3052,Ultima,389
3053,Azura,390
3054,GL,390
3055,LX,390
3056,RS,390
3057,TD,390
3058,ICE,391
3059,Luxury,391
3060,Winter,391
3061,Active,392
3062,EcoBlue,392
3063,EcoBoost,392
3064,Sport,392
3065,TDCi,392
3066,Titanium,392
3067,Trend,392
3068,Zetec,392
3069,EcoBoost,393
3070,TDCi,393
3071,Titanium,393
3072,Zetec,393
3073,310,394
3074,320,394
3075,340,394
3076,300 TDCi,394
3077,Active,394
3078,Duratec,394
3079,EcoBlue,394
3080,EcoBlue MHEV,394
3081,EcoBoost,394
3082,Leader,394
3083,Limited,394
3084,Sport,394
3085,Titanium,394
3086,Titanium Luxe,394
3087,Titanium X,394
3088,Trend,394
3089,Zetec,394
3090,Zetec 8Seat,394
3091,320,395
3092,350,395
3093,Duratorq,395
3094,EcoBlue,395
3095,Leader,395
3096,Limited,395
3097,TDCi 260,395
3098,TDCi 300,395
3099,TDCi 350,395
3100,TITANIUM,395
3101,Trend,395
3102,220,396
3103,230,396
3104,240,396
3105,310,396
3106,350,396
3107,Active,396
3108,EcoBlue,396
3109,EcoBoost,396
3110,Leader,396
3111,TDCi 125,396
3112,TDCi 220,396
3113,TDCi 230,396
3114,TDCi T220,396
3115,Trend,396
3116,Base,397
3117,LIMITED,397
3118,SPORT,397
3119,TDCi,397
3120,TREND,397
3121,280,398
3122,300,398
3123,310,398
3124,320,398
3125,340,398
3126,Active,398
3127,Duratec,398
3128,EcoBlue,398
3129,EcoBlue MHEV,398
3130,Leader,398
3131,Limited,398
3132,MS-RT,398
3133,Sport,398
3134,TDCi 270,398
3135,TDCi 290,398
3136,TDCi 310,398
3137,TDCi 330,398
3138,TDCi 340,398
3139,Titanium,398
3140,Trail,398
3141,Trend,398
3142,280,399
3143,300,399
3144,310,399
3145,320,399
3146,340,399
3147,Active,399
3148,Duratec,399
3149,EcoBlue,399
3150,EcoBlue MHEV,399
3151,Leader,399
3152,Limited,399
3153,MS-RT,399
3154,Sport,399
3155,TDCI 250,399
3156,TDCi 270,399
3157,TDCi 290,399
3158,TDCi 310,399
3159,TDCi 330,399
3160,TDCi 340,399
3161,Titanium,399
3162,Trail,399
3163,Trend,399
3164,D,400
3165,Luxury,400
3166,Premium,400
3167,Sport,400
3168,T,400
3169,D,401
3170,Luxury,401
3171,Premium,401
3172,Sport,401
3173,T,401
3174,Premium,402
3175,Sport,402
3176,Sport Plus,402
3177,D,403
3178,Luxury,403
3179,Premium,403
3180,Sport,403
3181,T,403
3182,D,404
3183,Luxury,404
3184,Luxury Plus,404
3185,Premium,404
3186,Sport,404
3187,T,404
3188,First Edition,405
3189,Lux,406
3190,Premium,406
3191,Ultra,406
3192,GT,407
3193,PRO,407
3194,PRO+,407
3195,PURE,407
3196,PURE+,407
3197,ES,408
3198,ES GT,408
3199,EX,408
3200,EX GT,408
3201,Executive,408
3202,i,408
3203,i V6,408
3204,i-CDTi,408
3205,i-DTEC,408
3206,i-VTEC,408
3207,LS,408
3208,SE,408
3209,SE Executive Sport,408
3210,Sport,408
3211,Type R,408
3212,Type S,408
3213,Type V,408
3214,VTEC,408
3215,Advance,409
3216,Black Edition,409
3217,Elegance,409
3218,ES,409
3219,ES GT,409
3220,ES-T,409
3221,EX,409
3222,EX GT,409
3223,EX Plus,409
3224,EX Sport Line,409
3225,Executive,409
3226,h i-MMD,409
3227,i,409
3228,i-CDTi,409
3229,i-CTDi,409
3230,i-DSI,409
3231,i-DTEC,409
3232,i-VTEC,409
3233,IMA,409
3234,Imagine,409
3235,Inspire S,409
3236,LS,409
3237,Max,409
3238,Prestige,409
3239,S,409
3240,S-T,409
3241,SE,409
3242,SE Executive,409
3243,SE Plus,409
3244,SE Plus-T,409
3245,SE Sport,409
3246,SE-T,409
3247,Si,409
3248,Si-T,409
3249,Sport,409
3250,Sport Line,409
3251,Sport Plus,409
3252,SR,409
3253,Ti,409
3254,Type R,409
3255,Type R GT,409
3256,Type R Limited Edition,409
3257,Type R Sport Line,409
3258,Type S,409
3259,Type S GT,409
3260,Type S GT-T,409
3261,Vision,409
3262,VTEC SE,409
3263,VTEC Turbo,409
3264,VTI,409
3265,VTI-S,409
3266,17.7kWh,410
3267,Advance,410
3268,Advance Tech,410
3269,Black Edition,410
3270,Elegance,410
3271,ES,410
3272,ES-T,410
3273,EX,410
3274,Executive,410
3275,h i-MMD,410
3276,i,410
3277,i-CDTi,410
3278,i-DTEC,410
3279,i-VTEC,410
3280,iCTDi,410
3281,LS,410
3282,Premiere,410
3283,S,410
3284,S Navi,410
3285,SE,410
3286,SE Executive,410
3287,SE Navi,410
3288,SE Plus,410
3289,SE Plus Navi,410
3290,SE Plus T,410
3291,SE Sport,410
3292,SE-T,410
3293,Sport,410
3294,Sport Line,410
3295,SR,410
3296,VTEC Turbo,410
3297,ESi,411
3298,VTi,411
3299,GT,412
3300,GT Navi,412
3301,h IMA,412
3302,S,412
3303,Sport,412
3304,Advance,413
3305,Elegance,413
3306,ES,414
3307,EX,414
3308,i-CDTi,414
3309,i-VTEC,414
3310,SE,414
3311,Sport,414
3312,Advance,415
3313,Advance,416
3314,Advance Style,416
3315,Advance Style Plus,416
3316,Black Edition,416
3317,Elegance,416
3318,EX,416
3319,h i-MMD,416
3320,h i-MMD e:HEV,416
3321,i,416
3322,i-DTEC,416
3323,i-VTEC,416
3324,S,416
3325,SE,416
3326,SE Navi,416
3327,Sport,416
3328,VTEC Turbo,416
3329,ES,417
3330,ES-T,417
3331,EX,417
3332,h IMA,417
3333,HE,417
3334,HE-T,417
3335,HS,417
3336,HX,417
3337,IMA,417
3338,SE,417
3339,Type R,418
3340,Advance,419
3341,Advance Sport,419
3342,Crosstar Advance,419
3343,Crosstar EX,419
3344,Elegance,419
3345,ES,419
3346,ES Plus,419
3347,ES Plus T,419
3348,ES-T,419
3349,EX,419
3350,EX Navi,419
3351,EX Style,419
3352,EX-T,419
3353,EXL,419
3354,EXL-T,419
3355,h i-MMD,419
3356,h IMA,419
3357,HE,419
3358,HE-T,419
3359,HS,419
3360,HS-T,419
3361,HX,419
3362,HX-T,419
3363,i-DSI,419
3364,i-VTEC,419
3365,S,419
3366,SE,419
3367,SE Navi,419
3368,SE Sport,419
3369,SE-T,419
3370,Si,419
3371,Si-T,419
3372,Sport,419
3373,Sport Navi,419
3374,SR,419
3375,EX,420
3376,i,420
3377,I-VTEC V6,420
3378,SE,421
3379,F-Matic,422
3380,h V6,422
3381,i,423
3382,Motegi,423
3383,Sport,423
3384,VTI,423
3385,GT,424
3386,i-VTEC,424
3387,Roadster,424
3388,LS,425
3389,i-VTEC,426
3390,SE Sport,426
3391,Advance,427
3392,Elegance,427
3393,h i-MMD,427
3394,Sport,427
3395,Adventure,428
3396,Luxury,428
3397,V8,428
3398,Luxury,429
3399,SE,429
3400,V6,429
3401,Atlantic,430
3402,CDX,430
3403,GSi,430
3404,Si,430
3405,CDX,431
3406,GSi,431
3407,Si,431
3408,Advance,432
3409,MHEV,432
3410,Premium,432
3411,SE Connect,432
3412,T-GDi,432
3413,Ultimate,432
3414,S,433
3415,SE,433
3416,SIII,433
3417,SIII S,433
3418,V6,433
3419,Si,434
3420,GDi V6,435
3421,Atlantic,436
3422,CDX,436
3423,CDX+,436
3424,CRTD,436
3425,GSi,436
3426,SE,436
3427,Active,437
3428,Advance,437
3429,Blue,437
3430,Blue Drive,437
3431,Classic,437
3432,Comfort,437
3433,Edition,437
3434,ES,437
3435,GO!,437
3436,GO! SE,437
3437,N Line,437
3438,Play,437
3439,Premium,437
3440,Premium SE,437
3441,S,437
3442,S Air,437
3443,SE,437
3444,SE Connect,437
3445,Style,437
3446,T-GDi,437
3447,Active,438
3448,Advance,438
3449,Blue Drive,438
3450,Classic,438
3451,Comfort,438
3452,CRDi,438
3453,Edition,438
3454,Element,438
3455,GO!,438
3456,GO! SE,438
3457,MHEV,438
3458,N,438
3459,N Line,438
3460,N Line S,438
3461,Play,438
3462,Premium,438
3463,Premium Nav,438
3464,Premium SE,438
3465,Premium SE Nav,438
3466,S,438
3467,S Air,438
3468,S Connect,438
3469,SE,438
3470,SE Connect,438
3471,SE Launch Edition,438
3472,Sport,438
3473,Sport Nav,438
3474,Style,438
3475,T-GDi,438
3476,Turbo Edition,438
3477,Ultimate,438
3478,Active,439
3479,Advance,439
3480,Blue Drive,439
3481,Classic,439
3482,Comfort,439
3483,CRDi,439
3484,Drive-N Limited Edition,439
3485,Edition,439
3486,ES,439
3487,MHEV,439
3488,N,439
3489,N Line,439
3490,N Line +,439
3491,N Line S,439
3492,N Performance,439
3493,Premium,439
3494,Premium SE,439
3495,S,439
3496,SE,439
3497,SE Connect,439
3498,SE Nav,439
3499,Sport,439
3500,Style,439
3501,Style Nav,439
3502,T-GDi,439
3503,Turbo,439
3504,Active,440
3505,Blue Drive,440
3506,CRDi,440
3507,GDi,440
3508,Premium,440
3509,Premium SE,440
3510,S,440
3511,SE Nav,440
3512,SE Nav Business,440
3513,Style,440
3514,CRDi,441
3515,SE,441
3516,SE Nav,441
3517,Style,441
3518,1,442
3519,2,442
3520,Cross,442
3521,Long Range,442
3522,Standard Range,442
3523,1st Edition,443
3524,h-GDi,443
3525,Premium,443
3526,Premium SE,443
3527,SE,443
3528,SE Connect,443
3529,Advance,444
3530,N,444
3531,N Line,444
3532,N Line S,444
3533,Namsan Edition,444
3534,Premium,444
3535,Project 45,444
3536,SE Connect,444
3537,Ultimate,444
3538,First Edition,445
3539,Premium,445
3540,Ultimate,445
3541,Active,446
3542,Blue Drive,446
3543,Classic,446
3544,CRDi,446
3545,Premium,446
3546,Premium Nav,446
3547,SE,446
3548,SE Nav,446
3549,Style,446
3550,CRDi,447
3551,GDi,447
3552,GO!,447
3553,Premium,447
3554,Premium Panorama,447
3555,S,447
3556,SE,447
3557,Style,447
3558,Advance,448
3559,Blue Drive,448
3560,CRDi,448
3561,h-GDi,448
3562,Iron Man Edition,448
3563,MHEV,448
3564,N,448
3565,N Line,448
3566,N Line S,448
3567,Play,448
3568,Premium,448
3569,Premium GT,448
3570,Premium SE,448
3571,S,448
3572,SE,448
3573,SE Connect,448
3574,T-GDi,448
3575,Ultimate,448
3576,CDX,449
3577,Comfort,449
3578,CRTD,449
3579,GSi,449
3580,Style,449
3581,Fuel Cell,450
3582,Premium SE,450
3583,Blue Drive,451
3584,Calligraphy,451
3585,CDX,451
3586,CRDi,451
3587,CRTD,451
3588,Endurance Edition,451
3589,GSI,451
3590,h T-GDi,451
3591,Limited,451
3592,Premium,451
3593,Premium SE,451
3594,Style,451
3595,T-GDi,451
3596,Ultimate,451
3597,V6,451
3598,Wiggins Edition,451
3599,CDX,452
3600,CRTD,452
3601,CRTD,453
3602,SE,454
3603,Advance,455
3604,Blue Drive,455
3605,CDX,455
3606,Comfort,455
3607,CRDi,455
3608,CRTD,455
3609,GDi,455
3610,GO! SE,455
3611,GSi,455
3612,h T-GDi,455
3613,Limited,455
3614,MHEV,455
3615,N Line,455
3616,N Line S,455
3617,Premium,455
3618,Premium SE,455
3619,S,455
3620,S Connect,455
3621,SE,455
3622,SE Connect,455
3623,SE Nav,455
3624,Sport Edition,455
3625,T-GDi,455
3626,Ultimate,455
3627,GDi,456
3628,Sport,456
3629,T-GDi,456
3630,Turbo,456
3631,Turbo SE,456
3632,Commercial,457
3633,D,457
3634,Fieldmaster Edition,457
3635,P,457
3636,Trialmaster Edition,457
3637,D,458
3638,Fieldmaster Edition,458
3639,P,458
3640,Trialmaster Edition,458
3641,30d V6,459
3642,37 V6,459
3643,Black Premium,459
3644,30d V6,460
3645,37 V6,460
3646,Executive,460
3647,GT,460
3648,S,460
3649,S Premium,460
3650,37 V6,461
3651,GT,461
3652,S Premium,461
3653,35h V6,462
3654,Business Edition,462
3655,GT Premium,462
3656,Business,463
3657,Business Executive,463
3658,City Black,463
3659,d,463
3660,Luxe,463
3661,Premium,463
3662,Premium InTouch,463
3663,Premium Tech,463
3664,Premium Tech InTouch,463
3665,SE,463
3666,Sport,463
3667,Sport InTouch,463
3668,T,463
3669,d,464
3670,Executive,464
3671,h V6,464
3672,Premium,464
3673,S,464
3674,SE,464
3675,Sport,464
3676,Sport Executive,464
3677,Sport Tech,464
3678,T,464
3679,T V6,464
3680,GT Premium,465
3681,Premium,465
3682,Sport,465
3683,Sport Tech,465
3684,T,465
3685,T S,465
3686,T S V6,465
3687,V6,465
3688,d,466
3689,h V6,466
3690,Premium,466
3691,Premium Tech,466
3692,Sport Tech,466
3693,V6,466
3694,d,467
3695,Premium,467
3696,Premium Tech,467
3697,d V6,468
3698,GT,468
3699,d V6,469
3700,GT,469
3701,GT Premium,469
3702,S,469
3703,S Design,469
3704,S Premium,469
3705,Ultimate,469
3706,V6,469
3707,Arctic Trucks,470
3708,Arctic Trucks AT35,470
3709,AT35,470
3710,AT35 Safir,470
3711,AT35 Stealth,470
3712,Blade,470
3713,Blade+,470
3714,Centurion,470
3715,DL20,470
3716,DL40,470
3717,Eiger,470
3718,Fury,470
3719,TD,470
3720,TD AT35,470
3721,Utah,470
3722,Utah Huntsman,470
3723,Utah V-Cross,470
3724,Utah Vision,470
3725,Utility,470
3726,Utility Diff Lock,470
3727,V-Cross,470
3728,V-Cross Steel Edition,470
3729,Workman+,470
3730,XTR,470
3731,XTR Nav+,470
3732,Yukon,470
3733,Yukon Nav+,470
3734,Yukon Vision,470
3735,CRD,471
3736,Denver,471
3737,Denver Max,471
3738,Denver Max LE,471
3739,TD,471
3740,Citation,472
3741,Duty,472
3742,TD,472
3743,V6,472
3744,35S 3520,473
3745,35S13,473
3746,35S14,473
3747,35S16,473
3748,Deluxe,474
3749,Luxury,474
3750,T,474
3751,T SHS,474
3752,300 Sport,475
3753,Chequered Flag,475
3754,D150,475
3755,D165,475
3756,D180,475
3757,D204,475
3758,D240,475
3759,First Edition,475
3760,HSE,475
3761,MHEV,475
3762,P200,475
3763,P250,475
3764,P270e,475
3765,P300,475
3766,P300e,475
3767,R-Dynamic,475
3768,R-Dynamic Black,475
3769,R-Dynamic HSE,475
3770,R-Dynamic HSE Black,475
3771,R-Dynamic S,475
3772,R-Dynamic SE,475
3773,R-Dynamic SE Black,475
3774,S,475
3775,SE,475
3776,300 Sport,476
3777,400 Sport,476
3778,Chequered Flag,476
3779,D165,476
3780,D180,476
3781,D200,476
3782,D240,476
3783,D300,476
3784,D300 V6,476
3785,First Edition,476
3786,HSE,476
3787,MHEV,476
3788,P250i,476
3789,P300,476
3790,P400,476
3791,P400e,476
3792,P550 V8,476
3793,P575 V8,476
3794,Portfolio,476
3795,Prestige,476
3796,R-Dynamic Black,476
3797,R-Dynamic HSE,476
3798,R-Dynamic HSE Black,476
3799,R-Dynamic HSE Black 90th Anniversary Edition,476
3800,R-Dynamic S,476
3801,R-Dynamic S 90th Anniversary Edition,476
3802,R-Dynamic SE,476
3803,R-Dynamic SE Black,476
3804,R-Dynamic SE Black 90th Anniversary Edition,476
3805,R-Sport,476
3806,R-Sport Black Edition,476
3807,S,476
3808,SE,476
3809,SVR,476
3810,SVR 575 Edition,476
3811,V6,476
3812,V8,476
3813,75,477
3814,400 Sport,477
3815,75 Plus,477
3816,British Design Edition,477
3817,Chequered Flag,477
3818,First Edition,477
3819,Heritage 60 Edition,477
3820,i,477
3821,Project 7,477
3822,R,477
3823,R 75,477
3824,R 75 Plus,477
3825,R-Dynamic,477
3826,R-Dynamic Black,477
3827,R-Dynamic Plus,477
3828,Reims Edition,477
3829,S,477
3830,SVR,477
3831,V6,477
3832,V8,477
3833,ZP Edition,477
3834,400,478
3835,Black,478
3836,First Edition,478
3837,HSE,478
3838,HSE Black,478
3839,R-Dynamic HSE Black,478
3840,R-Dynamic S,478
3841,R-Dynamic SE Black,478
3842,S,478
3843,SE,478
3844,Sport,478
3845,200 Sport,479
3846,D V6,479
3847,R,479
3848,S,479
3849,SE,479
3850,SE Plus,479
3851,Sport,479
3852,Sport Plus,479
3853,V6,479
3854,V8,479
3855,XS,479
3856,Classic,480
3857,D,480
3858,S,480
3859,SE,480
3860,SE Plus,480
3861,Sovereign,480
3862,Sport,480
3863,Sport Premium,480
3864,V6,480
3865,300 Sport,481
3866,d,481
3867,D180,481
3868,D200,481
3869,GTDi,481
3870,HSE,481
3871,i,481
3872,Landmark,481
3873,MHEV,481
3874,P250i,481
3875,P300i,481
3876,Portfolio,481
3877,Prestige,481
3878,R-Dynamic Black,481
3879,R-Dynamic HSE,481
3880,R-Dynamic HSE Black,481
3881,R-Dynamic S,481
3882,R-Dynamic SE,481
3883,R-Dynamic SE Black,481
3884,R-Sport,481
3885,S,481
3886,SE,481
3887,Sport,481
3888,V6,481
3889,300 Sport,482
3890,Chequered Flag,482
3891,d,482
3892,d S V6,482
3893,d V6,482
3894,D200,482
3895,i,482
3896,Luxury,482
3897,MHEV,482
3898,P250i,482
3899,P300i,482
3900,Portfolio,482
3901,Premium Luxury,482
3902,Prestige,482
3903,R-Dynamic Black,482
3904,R-Dynamic HSE,482
3905,R-Dynamic HSE Black,482
3906,R-Dynamic SE,482
3907,R-Dynamic SE Black,482
3908,R-Sport,482
3909,R-Sport Black,482
3910,R-Sport Black Edition,482
3911,S,482
3912,SE,482
3913,SE Business,482
3914,Sport,482
3915,SV8,482
3916,V6,482
3917,V8,482
3918,XFR,482
3919,V8,483
3920,Autobiography,484
3921,d V6,484
3922,Executive,484
3923,Luxury,484
3924,Portfolio,484
3925,Premium Luxury,484
3926,R-Sport,484
3927,SE,484
3928,Series 2/3 XJ6,484
3929,Series III Sovereign,484
3930,Sovereign,484
3931,Sport,484
3932,Sport Premium,484
3933,Super,484
3934,Supersport,484
3935,TD,484
3936,TDVi,484
3937,V6,484
3938,V8,484
3939,XJ12,484
3940,XJ40 Sovereign,484
3941,XJ40 XJ6,484
3942,XJ40 XJR Sports,484
3943,XJ50,484
3944,XJ6,484
3945,XJ6 Sovereign,484
3946,XJ6 Sport,484
3947,XJ8,484
3948,XJ8 Executive,484
3949,XJ8 SE,484
3950,XJ8 Sovereign,484
3951,XJ8 Sport,484
3952,100 Limited Edition,485
3953,Portfolio,485
3954,Super,485
3955,V8,485
3956,Celebration,486
3957,HE,486
3958,V12,486
3959,60,487
3960,Artisan Special Edition,487
3961,Dynamic R,487
3962,Portfolio,487
3963,Signature,487
3964,Special Edition,487
3965,V8,487
3966,premium,488
3967,S,488
3968,75,489
3969,100,489
3970,400,489
3971,Premium,489
3972,S,489
3973,Silverstone,489
3974,Supercharged,489
3975,V8,489
3976,V8,490
3977,1st Edition,491
3978,Altitude,491
3979,Altitude+,491
3980,e-Altitude,491
3981,e-Hybrid,491
3982,e-Longitude,491
3983,e-Summit,491
3984,Longitude,491
3985,MHEV,491
3986,Summit,491
3987,The North Face,491
3988,Turbo,491
3989,Upland,491
3990,60th Anniversary,492
3991,Classic,492
3992,CRD,492
3993,Limited,492
3994,Longitude,492
3995,Longitude Plus,492
3996,MultiJetII,492
3997,Night Eagle,492
3998,Orvis,492
3999,Overland,492
4000,Renegade,492
4001,Sport,492
4002,TD,492
4003,Trailhawk,492
4004,V6,492
4005,CRD V6,493
4006,Limited,493
4007,V8,493
4008,Altitude,494
4009,CRD,494
4010,GSE,494
4011,GSE T4,494
4012,Limited,494
4013,Longitude,494
4014,MHEV,494
4015,MultiAirII,494
4016,MultiJetII,494
4017,Night Eagle,494
4018,North Star,494
4019,S,494
4020,Sport,494
4021,Sport Plus,494
4022,Summit,494
4023,T,494
4024,T4 e-Hybrid,494
4025,Trailhawk,494
4026,Upland,494
4027,75th Anniversary,495
4028,CRD,495
4029,Laredo,495
4030,Limited,495
4031,Limited Plus,495
4032,MultiJetII,495
4033,Night Eagle,495
4034,Overland,495
4035,Overland Summit,495
4036,S Limited,495
4037,Sport,495
4038,SRT,495
4039,SRT Night,495
4040,SRT8,495
4041,Summit,495
4042,Summit Reserve,495
4043,Trackhawk,495
4044,Trailhawk,495
4045,V6,495
4046,V6 CRD,495
4047,V8,495
4048,CRD,496
4049,Limited,496
4050,S Limited,496
4051,Sport,496
4052,75th Anniversary,497
4053,80th Anniversary,497
4054,Altitude,497
4055,Dawn of Justice,497
4056,Desert Hawk,497
4057,E-TorQ,497
4058,GSE T3,497
4059,GSE T4,497
4060,Limited,497
4061,Longitude,497
4062,MHEV,497
4063,MultiAirII,497
4064,MultiJetII,497
4065,Night Eagle,497
4066,Night Eagle II,497
4067,North Star,497
4068,Overland,497
4069,S,497
4070,Sport,497
4071,Summit,497
4072,T,497
4073,T4 e-Hybrid,497
4074,Trailhawk,497
4075,Upland,497
4076,60th Anniversary,498
4077,70th Anniversary,498
4078,75th Anniversary,498
4079,80th Anniversary,498
4080,Black Edition II,498
4081,CRD,498
4082,GME,498
4083,MultiJetII,498
4084,Night Eagle,498
4085,Overland,498
4086,Polar,498
4087,Rubicon,498
4088,Rubicon 1941,498
4089,Sahara,498
4090,Sport,498
4091,Summer Edition,498
4092,Ultimate,498
4093,V6,498
4094,X Edition,498
4095,K50,499
4096,K30,500
4097,K35,500
4098,K40,500
4099,e-Motion,501
4100,Ultimate,501
4101,D,502
4102,EX,502
4103,Rebel,502
4104,Saracen,502
4105,Saracen Platinum,502
4106,Saracen Plus,502
4107,D,503
4108,K30,503
4109,K40,503
4110,K50,503
4111,K30,504
4112,K40,504
4113,K30,505
4114,K40,505
4115,K30,506
4116,K40,506
4117,1,507
4118,2,507
4119,3,507
4120,4,507
4121,CRDi,507
4122,EcoDynamics,507
4123,GDi,507
4124,GS,507
4125,GS5,507
4126,LS,507
4127,S,507
4128,S5,507
4129,SE,507
4130,SR7,507
4131,1,508
4132,2,508
4133,3,508
4134,4,508
4135,2 NAV,508
4136,4 Tech,508
4137,Blue Edition,508
4138,CRDi,508
4139,ECO,508
4140,EcoDynamics,508
4141,First Edition,508
4142,GDi,508
4143,GS,508
4144,GT,508
4145,GT Tech,508
4146,GT-Line,508
4147,GT-Line Lunar Edition,508
4148,GT-Line S,508
4149,LS,508
4150,MHEV,508
4151,S,508
4152,SR,508
4153,SR7,508
4154,Strike,508
4155,SW-7,508
4156,T-GDi,508
4157,VR-7,508
4158,VR7,508
4159,LX,509
4160,SE,509
4161,Zapp!,509
4162,Air,510
4163,GT-Line,510
4164,GT-Line S,510
4165,Standard Range,510
4166,Air,511
4167,GT,511
4168,GT-Line,511
4169,GT-Line S,511
4170,Horizon,511
4171,Air,512
4172,GT-Line,512
4173,GT-Line S,512
4174,CRDi,513
4175,TR,513
4176,1,514
4177,2,514
4178,3,514
4179,4,514
4180,4+,514
4181,Connect,514
4182,First Edition,514
4183,GDi,514
4184,h GDi,514
4185,Horizon,514
4186,1,515
4187,2,515
4188,3,515
4189,4,515
4190,2 Luxe,515
4191,CRDi,515
4192,EcoDynamics,515
4193,GT-Line S,515
4194,h GDi,515
4195,1,516
4196,2,516
4197,3,516
4198,4,516
4199,1 Air,516
4200,Chill,516
4201,Chilli,516
4202,City,516
4203,Domino,516
4204,DPi,516
4205,EcoDynamics,516
4206,Equinox,516
4207,Graphite,516
4208,GS,516
4209,GT-Line,516
4210,GT-Line S,516
4211,Halo,516
4212,Ice,516
4213,LS,516
4214,LX,516
4215,Quantum,516
4216,Red,516
4217,S,516
4218,SE,516
4219,SE+,516
4220,Shadow,516
4221,Spice,516
4222,Sport,516
4223,SR7,516
4224,Strike,516
4225,T-GDi,516
4226,Titanium Edition,516
4227,VR7,516
4228,Wave,516
4229,White,516
4230,X-Line,516
4231,X-Line S,516
4232,Zapp,516
4233,Zest,516
4234,1,517
4235,2,517
4236,3,517
4237,CRDi,517
4238,EcoDynamics,517
4239,GDi,517
4240,GT,517
4241,GT Tech,517
4242,GT-Line,517
4243,GT-Line Lunar Edition,517
4244,GT-Line S,517
4245,S,517
4246,SE,517
4247,SE Tech,517
4248,SR7,517
4249,T-GDi,517
4250,VR-7,517
4251,VR7,517
4252,ZR7,517
4253,1,518
4254,2,518
4255,3,518
4256,4,518
4257,1 Air,518
4258,2 IPD,518
4259,Black,518
4260,Chill,518
4261,CRDi,518
4262,Domino,518
4263,EcoDynamics,518
4264,First Edition,518
4265,Graphite,518
4266,GS,518
4267,GT-Line,518
4268,GT-Line S,518
4269,Ice,518
4270,LS,518
4271,LX,518
4272,MHEV,518
4273,Pulse,518
4274,SE,518
4275,Sport,518
4276,SR7,518
4277,Strike,518
4278,T-GDi,518
4279,VR7,518
4280,1,519
4281,2,519
4282,3,519
4283,CRDi,519
4284,GS,519
4285,LS,519
4286,TS,519
4287,V6,519
4288,1,520
4289,2,520
4290,3,520
4291,4,520
4292,CRDi,520
4293,Edition,520
4294,GT-Line,520
4295,GT-Line S,520
4296,h T-GDi,520
4297,KX-1,520
4298,KX-2,520
4299,KX-3,520
4300,KX-4,520
4301,T-GDi,520
4302,Titan,520
4303,V6,520
4304,Vision,520
4305,XE,520
4306,XS,520
4307,XT,520
4308,1,521
4309,2,521
4310,3,521
4311,Burner,521
4312,Connect,521
4313,Connect Plus,521
4314,CRDi,521
4315,Echo,521
4316,EV,521
4317,Explore,521
4318,First Edition,521
4319,GDi,521
4320,Hunter,521
4321,Maxx,521
4322,Mixx,521
4323,Quantum,521
4324,Samba,521
4325,Searcher,521
4326,Shaker,521
4327,Sport,521
4328,Start,521
4329,T-GDi,521
4330,Tempest,521
4331,Urban,521
4332,1,522
4333,2,522
4334,3,522
4335,4,522
4336,Alpine Edition,522
4337,Axis Edition,522
4338,Black Edition,522
4339,CRDi,522
4340,EcoDynamics,522
4341,EcoDynamics+,522
4342,Edition 25,522
4343,First Edition,522
4344,GDi,522
4345,GT-Line,522
4346,GT-Line Edition,522
4347,GT-Line S,522
4348,h T-GDi,522
4349,JBL Black Edition,522
4350,KX-1,522
4351,KX-2,522
4352,KX-3,522
4353,KX-4,522
4354,KX-5,522
4355,Launch Edition,522
4356,MHEV,522
4357,Platinum Edition,522
4358,Shadow,522
4359,T-GDi,522
4360,Titan,522
4361,V6,522
4362,VGT,522
4363,White Edition,522
4364,XE,522
4365,XR,522
4366,XS,522
4367,Blue Edition,523
4368,CRDi,523
4369,GT S,523
4370,GT-Line,523
4371,GT-Line S,523
4372,T-GDi,523
4373,T-GDi V6,523
4374,2,524
4375,3,524
4376,4,524
4377,Connect,524
4378,CRDi,524
4379,First Edition,524
4380,GT-Line,524
4381,GT-Line S,524
4382,Maxx,524
4383,MHEV,524
4384,Mixx,524
4385,Quantum,524
4386,Shadow,524
4387,T-GDi,524
4388,1,525
4389,2,525
4390,3,525
4391,4,525
4392,1 Air,525
4393,CRDi,525
4394,EcoDynamics,525
4395,SR7,525
4396,2,526
4397,3,526
4398,4,526
4399,Connect,526
4400,CRDi,526
4401,Edition,526
4402,First Edition,526
4403,GDi,526
4404,GT-Line,526
4405,GT-Line S,526
4406,MHEV,526
4407,T-GDi,526
4408,LP 700-4,527
4409,LP 700-4 Pirelli Edition,527
4410,LP 740-4 S,527
4411,LP 750-4 Superveloce,527
4412,LP 770-4 SVJ,527
4413,LP 780-4 Ultimae,527
4414,V12,527
4415,Anniversary,528
4416,Quattrovalve,528
4417,LP 560-2 50 Anniversario,529
4418,LP 560-4,529
4419,LP 570-4 Performante,529
4420,LP 570-4 Superleggera,529
4421,Superleggera,529
4422,V10,529
4423,LP 580-2,530
4424,LP 610-2 EVO,530
4425,LP 610-4,530
4426,LP 610-4 Avio,530
4427,LP 640-2 STO,530
4428,LP 640-2 Tecnica,530
4429,LP 640-4 EVO,530
4430,LP 640-4 EVO 60th Anniversary,530
4431,LP 640-4 EVO Fluo Capsule,530
4432,LP 640-4 Performante,530
4433,Sterrato,530
4434,V10,530
4435,V12,531
4436,VT,531
4437,V12 HPEV,532
4438,Graphite Capsule,533
4439,Pearl Capsule,533
4440,Performante,533
4441,S,533
4442,SE,533
4443,V8 BiTurbo,533
4444,2000 HF,534
4445,Country,535
4446,D,535
4447,TD,535
4448,75th Limited Edition,536
4449,Adventure,536
4450,Black,536
4451,Carpathian Edition,536
4452,County,536
4453,D200,536
4454,D240,536
4455,D250,536
4456,D300,536
4457,D350,536
4458,First Edition,536
4459,G4,536
4460,Heritage,536
4461,HSE,536
4462,i6,536
4463,Landmark,536
4464,MHEV,536
4465,OCTA,536
4466,P V8,536
4467,P300,536
4468,P300e,536
4469,P400,536
4470,P400e,536
4471,P425 V8,536
4472,P525 V8,536
4473,S,536
4474,SD4,536
4475,SE,536
4476,Sedona Edition,536
4477,Si4,536
4478,Silver,536
4479,TD,536
4480,TD5,536
4481,TDCi,536
4482,TDi,536
4483,X,536
4484,X-Dynamic HSE,536
4485,X-Dynamic S,536
4486,X-Dynamic SE,536
4487,XS,536
4488,XS Edition,536
4489,XTech Limited Edition,536
4490,County,537
4491,D,537
4492,D300,537
4493,D350,537
4494,HSE,537
4495,MHEV,537
4496,Outbound,537
4497,P300,537
4498,P400,537
4499,P500,537
4500,TD5,537
4501,TDi,537
4502,V8,537
4503,X,537
4504,X-Dynamic HSE,537
4505,X-Dynamic SE,537
4506,75th Limited Edition,538
4507,90 Heritage,538
4508,Adventure,538
4509,Autobiography,538
4510,Black,538
4511,Carpathian Edition,538
4512,County,538
4513,D,538
4514,D200,538
4515,D250,538
4516,D300,538
4517,D350,538
4518,First Edition,538
4519,Heritage,538
4520,HSE,538
4521,Landmark,538
4522,MHEV,538
4523,P300,538
4524,P400,538
4525,P525 V8,538
4526,S,538
4527,SD4,538
4528,SE,538
4529,Silver,538
4530,SV,538
4531,SVX,538
4532,TD,538
4533,TD5,538
4534,TDCi,538
4535,TDi,538
4536,X,538
4537,X-Dynamic HSE,538
4538,X-Dynamic S,538
4539,X-Dynamic SE,538
4540,XS,538
4541,XS Edition,538
4542,XTech Limited Edition,538
4543,35th Anniversary Edition,539
4544,Anniversary Edition,539
4545,D250,539
4546,D300,539
4547,D350,539
4548,Dynamic HSE,539
4549,Dynamic SE,539
4550,ES,539
4551,ES Premium,539
4552,First Edition,539
4553,GS,539
4554,HSE,539
4555,HSE Luxury,539
4556,i V8,539
4557,Landmark,539
4558,Landmark Edition,539
4559,Metropolitan Edition,539
4560,MHEV,539
4561,P300,539
4562,P360,539
4563,Pursuit,539
4564,R-Dynamic HSE,539
4565,R-Dynamic S,539
4566,R-Dynamic SE,539
4567,S,539
4568,SD V6,539
4569,SD4,539
4570,SD6,539
4571,SE,539
4572,Si4,539
4573,Si6 V6,539
4574,TD V6,539
4575,TD5,539
4576,TD6,539
4577,TDi,539
4578,XS,539
4579,GS,540
4580,HSE,540
4581,S,540
4582,SE,540
4583,TD,540
4584,TD V6,540
4585,V8,540
4586,XS,540
4587,Graphite,541
4588,GS,541
4589,HSE,541
4590,HSE Luxury,541
4591,Landmark,541
4592,Landmark LE,541
4593,SD V6,541
4594,SE,541
4595,SE Tech,541
4596,TD V6,541
4597,XS,541
4598,Black,542
4599,D150,542
4600,D165,542
4601,D180,542
4602,D200,542
4603,D240,542
4604,Dynamic HSE,542
4605,Dynamic SE,542
4606,eD4,542
4607,HSE,542
4608,HSE Black,542
4609,HSE Dynamic Lux,542
4610,HSE Luxury,542
4611,Landmark,542
4612,MHEV,542
4613,P200,542
4614,P250,542
4615,P270e,542
4616,P290,542
4617,P300e,542
4618,Pure,542
4619,Pure Edition,542
4620,R-Dynamic Black,542
4621,R-Dynamic HSE,542
4622,R-Dynamic S,542
4623,R-Dynamic S Plus,542
4624,R-Dynamic SE,542
4625,S,542
4626,SD4,542
4627,SE,542
4628,SE Tech,542
4629,Si4,542
4630,TD4,542
4631,Urban Edition,542
4632,Adventurer,543
4633,E,543
4634,ES,543
4635,Freestyle,543
4636,GS,543
4637,HSE,543
4638,S,543
4639,SE,543
4640,Serengeti,543
4641,Sport,543
4642,Sport Premium,543
4643,TD4,543
4644,V6,543
4645,XEi,543
4646,Black and White,544
4647,Dynamic,544
4648,eD4,544
4649,GS,544
4650,HSE,544
4651,HSE Lux,544
4652,HST,544
4653,i6,544
4654,Metropolis,544
4655,S,544
4656,SD4,544
4657,SE,544
4658,SE Tech,544
4659,Sport LE,544
4660,TD4,544
4661,TD4e,544
4662,XS,544
4663,Autobiography,545
4664,Autobiography Black,545
4665,County,545
4666,CSK,545
4667,D300,545
4668,D350,545
4669,DSE,545
4670,EFI V8,545
4671,Fifty,545
4672,First Edition,545
4673,h SDV6,545
4674,Holland and Holland,545
4675,HSE,545
4676,In Vogue,545
4677,MHEV,545
4678,P300e,545
4679,P400,545
4680,P400e,545
4681,P440e,545
4682,P460e,545
4683,P510e,545
4684,P525 V8,545
4685,P530 V8,545
4686,P550e,545
4687,P565 V8,545
4688,P615 V8,545
4689,SD V6,545
4690,SD V8,545
4691,SE,545
4692,SV,545
4693,SV Autobiography,545
4694,SV Autobiography Dynamic,545
4695,SV Autobiography Dynamic Black,545
4696,TD,545
4697,TD V6,545
4698,TD V8,545
4699,Td6,545
4700,TDi,545
4701,V6,545
4702,V8,545
4703,V8 Supercharged,545
4704,Vogue,545
4705,Vogue LSE,545
4706,Vogue SE,545
4707,Westminster,545
4708,Westminster Black,545
4709,Autobiography,546
4710,D150,546
4711,D165,546
4712,D180,546
4713,D200,546
4714,D240,546
4715,Dynamic,546
4716,Dynamic HSE,546
4717,Dynamic Lux,546
4718,Dynamic SE,546
4719,eD4,546
4720,Edition,546
4721,Ember Special Edition,546
4722,First Edition,546
4723,HSE,546
4724,HSE Dynamic,546
4725,HSE Dynamic Lux,546
4726,HST,546
4727,Landmark,546
4728,MHEV,546
4729,P160,546
4730,P200,546
4731,P250,546
4732,P270e,546
4733,P300,546
4734,P300e,546
4735,Prestige,546
4736,Prestige Lux,546
4737,Pure,546
4738,Pure Tech,546
4739,R-Dynamic,546
4740,R-Dynamic HSE,546
4741,R-Dynamic S,546
4742,R-Dynamic SE,546
4743,S,546
4744,SD4,546
4745,SE,546
4746,SE Dynamic,546
4747,SE Tech,546
4748,Si4,546
4749,Special Edition,546
4750,TD4,546
4751,Autobiography,547
4752,Autobiography Dynamic,547
4753,Autobiography Sport,547
4754,D250,547
4755,D300,547
4756,D350,547
4757,Dynamic SE,547
4758,Edition,547
4759,First Edition,547
4760,h SDV6,547
4761,HSE,547
4762,HSE Black,547
4763,HSE Dynamic,547
4764,HSE Dynamic Black,547
4765,HSE Luxury,547
4766,HSE Red,547
4767,HSE Silver,547
4768,HST,547
4769,i6,547
4770,MHEV,547
4771,P V8,547
4772,P300,547
4773,P400,547
4774,P400e,547
4775,P440e,547
4776,P460e,547
4777,P510e,547
4778,P525 V8,547
4779,P530 V8,547
4780,P550e,547
4781,P575 V8,547
4782,S,547
4783,SD V6,547
4784,SD V8,547
4785,SD4,547
4786,SE,547
4787,Si4,547
4788,Supercharged,547
4789,SV Edition One Carbon Bronze,547
4790,SV Edition One Gloss,547
4791,SV Edition Two,547
4792,SVR,547
4793,SVR Carbon Edition,547
4794,TD V6,547
4795,TD V8,547
4796,V6,547
4797,V8,547
4798,V8 Supercharged,547
4799,Vermillion Edition,547
4800,Autobiography,548
4801,D180,548
4802,D200,548
4803,D240,548
4804,D275,548
4805,D300,548
4806,Dynamic HSE,548
4807,Dynamic SE,548
4808,Edition,548
4809,First Edition,548
4810,HSE,548
4811,HST,548
4812,MHEV,548
4813,P250,548
4814,P300,548
4815,P400,548
4816,P400e,548
4817,P550,548
4818,R-Dynamic,548
4819,R-Dynamic Black,548
4820,R-Dynamic HSE,548
4821,R-Dynamic S,548
4822,R-Dynamic SE,548
4823,S,548
4824,SD6 V6,548
4825,SE,548
4826,Si6 V6,548
4827,SVAutobiography Dynamic Edition,548
4828,88,549
4829,109,549
4830,D,549
4831,Icon,550
4832,Vista,550
4833,Vista Comfort Plus,550
4834,200h,551
4835,Advance,551
4836,Advance Plus,551
4837,Executive Edition,551
4838,F Sport,551
4839,F Sport Premier,551
4840,Luxury,551
4841,Premier,551
4842,S,551
4843,SE,551
4844,SE-I,551
4845,SE-L,551
4846,Sport,551
4847,Takumi,551
4848,300h,552
4849,F Sport,552
4850,Premium,552
4851,Premium Edition,552
4852,Takumi,552
4853,250,553
4854,300,553
4855,450,553
4856,300h,553
4857,450h,553
4858,Executive Edition,553
4859,F Sport,553
4860,Limited Edition,553
4861,Luxury,553
4862,Premier,553
4863,SE,553
4864,SE-L,553
4865,Sport,553
4866,200,554
4867,250,554
4868,300,554
4869,200d,554
4870,200T,554
4871,220TD,554
4872,300h,554
4873,Advance,554
4874,Executive Edition,554
4875,F Sport,554
4876,LE,554
4877,Luxury,554
4878,Premier,554
4879,SE,554
4880,SE-I,554
4881,SE-L,554
4882,Sport,554
4883,SportCross,554
4884,SR,554
4885,V8,555
4886,Premium,556
4887,Premium Plus,556
4888,Premium Plus Design,556
4889,Takumi,556
4890,Takumi Design,556
4891,Urban,556
4892,VVT-iE,556
4893,500,557
4894,500h,557
4895,Black Inspiration,557
4896,Limited Edition,557
4897,Sport Plus,557
4898,Ultimate Edition,557
4899,350h,558
4900,Takumi,558
4901,400,559
4902,430,559
4903,460 V8,559
4904,500h V6,559
4905,600h V8,559
4906,F Sport,559
4907,L,559
4908,L RSR,559
4909,Luxury,559
4910,Premier,559
4911,SE,559
4912,SE-L,559
4913,Takumi,559
4914,200t,560
4915,300h,560
4916,350h,560
4917,450h+,560
4918,F Sport,560
4919,F Sport Takumi,560
4920,Luxury,560
4921,Premier,560
4922,Premium,560
4923,Premium Plus,560
4924,S,560
4925,SE,560
4926,Sport,560
4927,Takumi,560
4928,Urban,560
4929,200T,561
4930,300h,561
4931,F Sport,561
4932,Luxury,561
4933,Premier,561
4934,Carbon,562
4935,Takumi Edition,562
4936,Track Edition,562
4937,V8,562
4938,300,563
4939,350,563
4940,200T,563
4941,350h,563
4942,400h,563
4943,450h,563
4944,450h+,563
4945,500h Turbo,563
4946,Advance,563
4947,F Sport,563
4948,F Sport Design,563
4949,LE,563
4950,Limited Edition,563
4951,Limited Edition Executive,563
4952,Luxury,563
4953,Prem,563
4954,Prem Plus,563
4955,Premier,563
4956,SE,563
4957,SE-I,563
4958,SE-L,563
4959,SE-L Premier,563
4960,Sport,563
4961,SR,563
4962,Takumi,563
4963,450h L,564
4964,Luxury,564
4965,Premier,564
4966,Takumi,564
4967,V6,564
4968,300e,565
4969,450e,565
4970,Premium,565
4971,Premium Plus,565
4972,Takumi,565
4973,Urban,565
4974,430,566
4975,250h,567
4976,300e,567
4977,300h,567
4978,F Sport,567
4979,F Sport Design,567
4980,F Sport Takumi,567
4981,Premium,567
4982,Premium Plus,567
4983,Premium Sport Edition,567
4984,Takumi,567
4985,Elegance,568
4986,Silver,568
4987,Style,568
4988,TD,568
4989,VVTi,569
4990,Road,570
4991,V6,570
4992,S2,571
4993,SE,571
4994,R,572
4995,S,572
4996,111R,573
4997,111R Sports Racer,573
4998,111S,573
4999,CR,573
5000,Cup 250,573
5001,R,573
5002,S,573
5003,S CR,573
5004,S Sports Touring,573
5005,SC,573
5006,Sport,573
5007,Sport 220,573
5008,Sport 240 Final Edition,573
5009,Sports Tourer,573
5010,Touring,573
5011,R,574
5012,S,574
5013,First Edition,575
5014,V6,575
5015,GT,576
5016,GT3,576
5017,S4,576
5018,SE,576
5019,V8,576
5020,400,577
5021,GT410,577
5022,GT410 Sport,577
5023,GT430,577
5024,S,577
5025,S Sports Racer,577
5026,Sport 410,577
5027,Sports Racer,577
5028,V6,577
5029,Cup,578
5030,Cup 430,578
5031,Cup 430 Final Edition,578
5032,S,578
5033,S Sports,578
5034,S Sports Touring Performance,578
5035,S Touring,578
5036,Sport 350,578
5037,Sport 390 Final Edition,578
5038,Sport 410,578
5039,Sports,578
5040,Touring,578
5041,V6,578
5042,E (31kw),579
5043,TechX,579
5044,340 Classic,580
5045,D,580
5046,GT,581
5047,V8,581
5048,Cambiocorsa,582
5049,GT,582
5050,D V6,583
5051,GranLusso,583
5052,GranSport,583
5053,GT,583
5054,MHEV,583
5055,Modena,583
5056,Ribelle,583
5057,Royale,583
5058,S,583
5059,S GranSport,583
5060,S Royale,583
5061,Sportivo,583
5062,V6,583
5063,MC,584
5064,MC Nerissimo,584
5065,Sport,584
5066,Sport Nerissimo,584
5067,Trofeo,584
5068,V6,584
5069,V8,584
5070,MC Stradale,585
5071,Modena,585
5072,S,585
5073,Sport,585
5074,Sport Nerissimo,585
5075,Trofeo,585
5076,Trofeo PrimaSerie Grigio Lamiera,585
5077,V6,585
5078,V8,585
5079,Folgore,586
5080,GT,586
5081,MHEV,586
5082,Modena,586
5083,Modena Sport,586
5084,Trofeo,586
5085,V6,586
5086,D V6,587
5087,GranLusso,587
5088,GranSport,587
5089,GranSport Nerissimo,587
5090,GT,587
5091,GT Ultima,587
5092,GTS,587
5093,MHEV,587
5094,Modena,587
5095,Modena S,587
5096,Modena Ultima,587
5097,Royale,587
5098,S,587
5099,S GranLusso,587
5100,S GranSport,587
5101,Sportivo X,587
5102,Trofeo,587
5103,V6,587
5104,V8,587
5105,Cielo,588
5106,V6,588
5107,Collezione Cento,589
5108,D V6,589
5109,Executive GT,589
5110,GranLusso,589
5111,GranSport,589
5112,GTS,589
5113,S,589
5114,Sport GT,589
5115,Sport GT S,589
5116,V6,589
5117,V8,589
5118,Cambiocorsa,590
5119,GT,590
5120,Luxury,591
5121,Premium,591
5122,Premium,592
5123,Elite,593
5124,TT,594
5125,Elite,595
5126,Antares,596
5127,Black,596
5128,Black+ Edition,596
5129,Capella,596
5130,Centre-Line,596
5131,Colour Edition,596
5132,D,596
5133,e-SKYACTIV G,596
5134,e-SKYACTIV G MHEV,596
5135,Exclusive-Line,596
5136,GT,596
5137,GT Sport,596
5138,GT Sport Nav,596
5139,GT Sport Nav+,596
5140,GT Sport Tech,596
5141,Homura,596
5142,Homura Aka,596
5143,MHEV,596
5144,Red Edition,596
5145,S,596
5146,Sakata,596
5147,SE,596
5148,SE-L,596
5149,SE-L Nav,596
5150,SE-L Nav+,596
5151,SE-L+,596
5152,SE+,596
5153,SKYACTIV-D,596
5154,SKYACTIV-G,596
5155,Sport,596
5156,Sport Black,596
5157,Sport Colour Edition,596
5158,Sport Nav,596
5159,Sport Nav+,596
5160,Sport Venture,596
5161,Sports Launch Edition,596
5162,Takuya,596
5163,Tamura,596
5164,Tamura Nav,596
5165,TD,596
5166,Tech Edition,596
5167,TS,596
5168,TS2,596
5169,Venture,596
5170,White Edition,596
5171,100th Anniversary Edition,597
5172,Centre-Line,597
5173,D,597
5174,e-SKYACTIV-G,597
5175,e-SKYACTIV-X,597
5176,Exclusive-Line,597
5177,GT Sport,597
5178,GT Sport Edition,597
5179,GT Sport Tech,597
5180,Homura,597
5181,Katano,597
5182,MHEV,597
5183,MPS,597
5184,Prime-Line,597
5185,S,597
5186,SE,597
5187,SE Nav,597
5188,SE-L,597
5189,SE-L Lux,597
5190,SE-L Nav,597
5191,SKYACTIV-D,597
5192,SKYACTIV-G,597
5193,SKYACTIV-X,597
5194,Sport,597
5195,Sport Black,597
5196,Sport Lux,597
5197,Sport Nav,597
5198,T,597
5199,Takara,597
5200,Takumi,597
5201,Takuya,597
5202,Tamura,597
5203,TS,597
5204,TS2,597
5205,Venture,597
5206,D,598
5207,Furano,598
5208,Furano II,598
5209,Sport,598
5210,Sport Nav,598
5211,Sport Venture,598
5212,Takara,598
5213,TS,598
5214,TS2,598
5215,Venture,598
5216,Business Line,599
5217,d,599
5218,GT Sport,599
5219,GT Sport Nav+,599
5220,i,599
5221,Kuro Edition,599
5222,MPS,599
5223,S,599
5224,Sakata,599
5225,SE,599
5226,SE Nav,599
5227,SE-L,599
5228,SE-L Lux Nav+,599
5229,SE-L Nav,599
5230,SE-L Nav+,599
5231,SKYACTIV-D,599
5232,SKYACTIV-G,599
5233,SL,599
5234,Sport,599
5235,Sport 4,599
5236,Sport Nav,599
5237,Sport Nav+,599
5238,Takuya,599
5239,Tamura,599
5240,TD,599
5241,TS,599
5242,TS2,599
5243,Venture,599
5244,GSi,600
5245,GXi,600
5246,Rally,600
5247,GLX,601
5248,GXi,601
5249,Agile,602
5250,Centre-Line,602
5251,Exclusive-Line,602
5252,h,602
5253,Homura,602
5254,Homura Plus,602
5255,Pure,602
5256,Select,602
5257,GT Sport,603
5258,GT Sport Nav+,603
5259,SE,603
5260,SE Nav,603
5261,SE Nav+,603
5262,SE-L,603
5263,SE-L Nav,603
5264,SE-L Nav+,603
5265,SKYACTIV-D,603
5266,SKYACTIV-G,603
5267,Sport Black+,603
5268,Sport Nav,603
5269,Sport Nav+,603
5270,100th Anniversary Edition,604
5271,Centre-Line,604
5272,e-SKYACTIV G,604
5273,e-SKYACTIV X,604
5274,Exclusive-Line,604
5275,GT Sport,604
5276,GT Sport Edition,604
5277,GT Sport Tech,604
5278,GT Sport Tech Edition,604
5279,Homura,604
5280,MHEV,604
5281,Prime-Line,604
5282,SE-L,604
5283,SE-L Lux,604
5284,SKYACTIV-G,604
5285,SKYACTIV-X,604
5286,Sport Lux,604
5287,Takumi,604
5288,Centre-Line,605
5289,e-SKYACTIV G,605
5290,Exclusive-Line,605
5291,GT Sport,605
5292,GT Sport Nav+,605
5293,Homura,605
5294,Kuro Edition,605
5295,MHEV,605
5296,Newground,605
5297,SE-L,605
5298,SE-L Lux,605
5299,SE-L Lux Nav,605
5300,SE-L Nav,605
5301,SE-L Nav+,605
5302,SKYACTIV-D,605
5303,SKYACTIV-G,605
5304,Sport,605
5305,Sport Black,605
5306,Sport Black Edition,605
5307,Sport Edition,605
5308,Sport Nav,605
5309,Sport Nav+,605
5310,Takumi,605
5311,e-SKYACTIV,606
5312,e-SKYACTIV D,606
5313,Exclusive-Line,606
5314,Homura,606
5315,Homura Plus,606
5316,MHEV,606
5317,Takumi,606
5318,Takumi Plus,606
5319,D,607
5320,Sport Tech,607
5321,T,607
5322,e-SKYACTIV,608
5323,e-SKYACTIV D,608
5324,Exclusive-Line,608
5325,Homura,608
5326,Homura Plus,608
5327,MHEV,608
5328,Takumi,608
5329,Takumi Plus,608
5330,Edition R,609
5331,EXCLUSIVE LINE,609
5332,First Edition,609
5333,GT Sport Tech,609
5334,Makoto,609
5335,Prime-Line,609
5336,SE-L Lux,609
5337,Sport Lux,609
5338,100th Anniversary Edition,610
5339,20th Anniversary,610
5340,30th Anniversary Edition,610
5341,Angels,610
5342,Arctic,610
5343,California,610
5344,Classic,610
5345,Euphonic,610
5346,Exclusive-Line,610
5347,GT Sport Nav+,610
5348,GT Sport Tech,610
5349,Homura,610
5350,i,610
5351,Icon,610
5352,Isola,610
5353,Jasper Conran,610
5354,Kendo,610
5355,Kizuna,610
5356,Kuro,610
5357,Limited Edition,610
5358,Merlot,610
5359,Miyako,610
5360,Montana,610
5361,Monza,610
5362,Nevada,610
5363,Niseko,610
5364,Prime-Line,610
5365,R-Sport,610
5366,S,610
5367,SE,610
5368,SE-L,610
5369,SE-L Nav,610
5370,SE-L Nav+,610
5371,SE+,610
5372,SKYACTIV-G,610
5373,Sport,610
5374,Sport Black,610
5375,Sport Graphite,610
5376,Sport Nav,610
5377,Sport Nav+,610
5378,Sport Recaro,610
5379,Sport Tech,610
5380,Sport Tech Nav,610
5381,Sport Venture,610
5382,Trilogy,610
5383,Venture,610
5384,Z-Sport,610
5385,ZSport,610
5386,Exclusive-Line,611
5387,GT Sport Nav+,611
5388,GT Sport Tech,611
5389,Homura,611
5390,Launch Edition,611
5391,Prime-Line,611
5392,SE-L,611
5393,SE-L Nav,611
5394,SE-L Nav+,611
5395,SKYACTIV-G,611
5396,Sport,611
5397,Sport Black,611
5398,Sport Nav,611
5399,Sport Nav+,611
5400,Sport Tech,611
5401,GT,612
5402,Turbo,613
5403,40th Anniversary Edition,614
5404,Evolve,614
5405,PZ,614
5406,R3,614
5407,T V8,615
5408,T V8,616
5409,T V8,617
5410,T V8,618
5411,T V8,619
5412,T V8,620
5413,T V8,621
5414,Luxury,622
5415,Performance,622
5416,T V8,622
5417,T V8,623
5418,T V8,624
5419,Performance,625
5420,T V6,625
5421,Techlux,625
5422,Vision,625
5423,T V8,626
5424,V8,627
5425,T V8,628
5426,D,629
5427,E,629
5428,CE,630
5429,E,630
5430,TE,630
5431,D,631
5432,E,632
5433,CE,633
5434,E,633
5435,TE,633
5436,CE,634
5437,CE-24,634
5438,D,634
5439,E,634
5440,SE,634
5441,SL,634
5442,TE,634
5443,CE,635
5444,SL,636
5445,SE,637
5446,SEC,637
5447,SEL,637
5448,SL,637
5449,SEL,638
5450,SEL,639
5451,A+,640
5452,A140,640
5453,A150,640
5454,A160,640
5455,A160 CDI,640
5456,A170,640
5457,A170 CDI,640
5458,A180,640
5459,A180 CDI,640
5460,A180 d,640
5461,A180 h,640
5462,A190,640
5463,A200,640
5464,A200 CDI,640
5465,A200 d,640
5466,A200 h,640
5467,A210,640
5468,A220,640
5469,A220 CDI,640
5470,A220 d,640
5471,A250,640
5472,A250 e,640
5473,A35,640
5474,A35 h,640
5475,A45,640
5476,AMG,640
5477,AMG Edition,640
5478,AMG Line,640
5479,AMG Line Edition,640
5480,AMG Line Night Edition,640
5481,AMG Night Edition,640
5482,AMG S,640
5483,AMG S Plus,640
5484,AMG Sport,640
5485,AMG Touring Edition,640
5486,AMG WhiteArt,640
5487,AMG Yellow Night Edition,640
5488,Avantgarde,640
5489,Avantgarde SE,640
5490,BlueEfficiency,640
5491,Classic,640
5492,Classic SE,640
5493,ECO,640
5494,Elegance,640
5495,Elegance SE,640
5496,Engineered by AMG,640
5497,Evolution,640
5498,Exclusive Edition,640
5499,Exclusive Edition Plus,640
5500,Exclusive Launch Edition,640
5501,MHEV,640
5502,Motorsport Edition,640
5503,SE,640
5504,Special Edition,640
5505,Sport,640
5506,Sport Edition,640
5507,Sport Edition Plus,640
5508,WhiteArt,640
5509,AMG,641
5510,C36,641
5511,CL55,641
5512,E55,641
5513,ML55,641
5514,S55,641
5515,43,642
5516,55 V8 BiTurbo,642
5517,63 V8 BiTurbo,642
5518,Black Series,642
5519,C,642
5520,C Edition 50,642
5521,Launch Edition,642
5522,Night Edition,642
5523,R,642
5524,R PRO,642
5525,S,642
5526,S E Performance,642
5527,S E Performance Ultimate,642
5528,S Edition 1,642
5529,Ultimate,642
5530,V8 BiTurbo,642
5531,AMG Line,643
5532,AMG Line Edition,643
5533,B150,643
5534,B160,643
5535,B170,643
5536,B180,643
5537,B180 CDI,643
5538,B180d,643
5539,B200,643
5540,B200 CDI,643
5541,B200d,643
5542,B200h,643
5543,B220,643
5544,B220 CDI,643
5545,B220d,643
5546,B250,643
5547,B250e,643
5548,BlueEfficiency,643
5549,ECO,643
5550,Electric Art,643
5551,Exclusive Edition,643
5552,MHEV,643
5553,SE,643
5554,Sport,643
5555,Sport Executive Edition,643
5556,AMG,644
5557,AMG Black Series,644
5558,AMG Edition,644
5559,AMG Edition 125,644
5560,AMG Edition 507,644
5561,AMG Line,644
5562,AMG Line Edition,644
5563,AMG Line Night Edition,644
5564,AMG Night Edition,644
5565,AMG S,644
5566,AMG S E Performance Carbon Edition,644
5567,AMG S E Performance Night Edition,644
5568,AMG S Edition 1,644
5569,AMG S Edition 1 Motorsport,644
5570,AMG S Final Edition,644
5571,AMG S Night Edition,644
5572,AMG S Night Edition Prem Plus,644
5573,AMG Sport,644
5574,AMG Sport Edition,644
5575,AMG Sport Edition 125,644
5576,AMG Sport Plus,644
5577,Avantgarde,644
5578,Avantgarde SE,644
5579,BlueEfficiency,644
5580,BlueTEC,644
5581,C160,644
5582,C180,644
5583,C180 K,644
5584,C200,644
5585,C200 CDI,644
5586,C200 d,644
5587,C200 h,644
5588,C200 K,644
5589,C220,644
5590,C220 CDI,644
5591,C220 d,644
5592,C220 dh,644
5593,C230,644
5594,C230 V6,644
5595,C240,644
5596,C250,644
5597,C250 CDI,644
5598,C250d,644
5599,C270 CDI,644
5600,C280,644
5601,C280 V6,644
5602,C300,644
5603,C300 d,644
5604,C300 de,644
5605,C300 dh,644
5606,C300 e,644
5607,C300 h,644
5608,C32,644
5609,C320,644
5610,C320 CDI,644
5611,C320 CDI V6,644
5612,C350,644
5613,C350 CDI V6,644
5614,C350 e,644
5615,C350 V6,644
5616,C43,644
5617,C43 V6,644
5618,C63,644
5619,C63 V8,644
5620,C63 V8 BiTurbo,644
5621,Classic,644
5622,Classic SE,644
5623,Elegance,644
5624,Elegance Edition 125,644
5625,Elegance SE,644
5626,Evolution Panorama,644
5627,Evolution Panorama SE,644
5628,Evolution S,644
5629,Executive SE,644
5630,Kompressor,644
5631,MHEV,644
5632,MHEV EQ Boost,644
5633,Nightfall Edition,644
5634,SE,644
5635,SE Edition 125,644
5636,SE Executive,644
5637,SE Executive Edition,644
5638,Sport,644
5639,Sport Edition,644
5640,Sport Edition 125,644
5641,Urban Edition,644
5642,112,645
5643,108 CDI,645
5644,109 CDI,645
5645,111 CDI,645
5646,BlueEfficiency,645
5647,PRO,645
5648,AMG,646
5649,BlueEfficiency,646
5650,CL420,646
5651,CL500,646
5652,CL500 V8,646
5653,CL55,646
5654,CL600,646
5655,CL63,646
5656,CL63 V8 BiTurbo,646
5657,CL65,646
5658,AMG,647
5659,AMG Line,647
5660,AMG Line Edition,647
5661,AMG Line Night Edition,647
5662,AMG Night Edition,647
5663,AMG S,647
5664,AMG S Plus,647
5665,AMG S Plus Street Style Edition,647
5666,AMG Sport,647
5667,AMG Yellow Night Edition,647
5668,CLA 180,647
5669,CLA 180 h,647
5670,CLA 200,647
5671,CLA 200 CDI,647
5672,CLA 200 d,647
5673,CLA 200 h,647
5674,CLA 220,647
5675,CLA 220 CDI,647
5676,CLA 220 d,647
5677,CLA 250,647
5678,CLA 250 e,647
5679,CLA 35,647
5680,CLA 35 h,647
5681,CLA 45,647
5682,Engineered by AMG,647
5683,MHEV,647
5684,OrangeArt,647
5685,Sport,647
5686,Sport Edition,647
5687,Sport Executive Edition,647
5688,WhiteArt,647
5689,BlueEfficiency,648
5690,CLC 160,648
5691,CLC 180 K,648
5692,CLC 200 CDI,648
5693,CLC 200 K,648
5694,CLC 220 CDI,648
5695,CLC 230 V6,648
5696,SE,648
5697,Sport,648
5698,AMG,649
5699,AMG Line,649
5700,AMG Night Edition,649
5701,CLE 200 h,649
5702,CLE 220 dh,649
5703,CLE 300 E,649
5704,CLE 300 h,649
5705,CLE 450 h,649
5706,CLE 53,649
5707,MHEV,649
5708,Premier Edition,649
5709,AMG,650
5710,Avantgarde,650
5711,CLK 200,650
5712,CLK 220 CDI,650
5713,CLK 230,650
5714,CLK 240,650
5715,CLK 270 CDI,650
5716,CLK 280,650
5717,CLK 320,650
5718,CLK 320 CDI,650
5719,CLK 350,650
5720,CLK 430,650
5721,CLK 500,650
5722,CLK 55,650
5723,CLK 63,650
5724,Elegance,650
5725,Sport,650
5726,AMG,651
5727,AMG Edition 1,651
5728,AMG Line,651
5729,AMG Line Night Edition,651
5730,AMG S,651
5731,AMG Sport,651
5732,BlueEfficiency,651
5733,BlueTEC,651
5734,CLS 220,651
5735,CLS 220 d,651
5736,CLS 250 CDI,651
5737,CLS 300 d,651
5738,CLS 300 dh,651
5739,CLS 320 CDI,651
5740,CLS 350,651
5741,CLS 350 CDI,651
5742,CLS 350 CDI V6,651
5743,CLS 350 d,651
5744,CLS 350 d V6,651
5745,CLS 350 V6,651
5746,CLS 400 d,651
5747,CLS 400 V6,651
5748,CLS 450,651
5749,CLS 500,651
5750,CLS 53,651
5751,CLS 55,651
5752,CLS 63,651
5753,CLS 63 V8,651
5754,CLS 63 V8 BiTurbo,651
5755,EQ Boost,651
5756,Grand Edition,651
5757,MHEV,651
5758,MHEV EQ Boost,651
5759,Sport,651
5760,All-Terrain Edition,652
5761,AMG,652
5762,AMG Line,652
5763,AMG Line Edition,652
5764,AMG Line Night Edition,652
5765,AMG Night Edition,652
5766,AMG S,652
5767,AMG S Edition 1,652
5768,AMG S Final Edition,652
5769,AMG S Night Edition,652
5770,AMG Sport,652
5771,AMG Sport Plus,652
5772,Avantgarde,652
5773,Avantgarde Edition 125,652
5774,BlueEfficiency,652
5775,BlueTEC,652
5776,Classic,652
5777,E200,652
5778,E200 CDI,652
5779,E200 CGI,652
5780,E200d,652
5781,E200h,652
5782,E220,652
5783,E220 CDI,652
5784,E220d,652
5785,E220dh,652
5786,E230,652
5787,E240,652
5788,E250,652
5789,E250 CDI,652
5790,E250 CGI,652
5791,E270 CDI,652
5792,E280,652
5793,E280 CDI,652
5794,E300,652
5795,E300d,652
5796,E300de,652
5797,E300dh,652
5798,E300e,652
5799,E300h,652
5800,E320,652
5801,E320 CDI,652
5802,E350,652
5803,E350 CDI V6,652
5804,E350 CGI,652
5805,E350 CGI V6,652
5806,E350 V6,652
5807,E350d,652
5808,E350d V6,652
5809,E350e,652
5810,E400,652
5811,E400 V6,652
5812,E400d,652
5813,E43 V6,652
5814,E450 V6,652
5815,E450dh,652
5816,E450h,652
5817,E500,652
5818,E500 V8,652
5819,E53,652
5820,E53 BiTurbo,652
5821,E53h BiTurbo,652
5822,E55,652
5823,E63,652
5824,E63 V8,652
5825,E63 V8 BiTurbo,652
5826,Elegance,652
5827,Exclusive,652
5828,Exclusive Edition,652
5829,Executive,652
5830,Executive SE,652
5831,MHEV,652
5832,MHEV EQ Boost,652
5833,SE,652
5834,SE Edition 125,652
5835,Sport,652
5836,Sport Edition 125,652
5837,Urban Edition,652
5838,AMG Line,653
5839,EQA 250,653
5840,EQA 250+,653
5841,EQA 300,653
5842,EQA 350,653
5843,Sport,653
5844,Urban Edition,653
5845,AMG Line,654
5846,AMG Line Launch Edition,654
5847,EQB 250+,654
5848,EQB 300,654
5849,EQB 350,654
5850,Sport,654
5851,Urban Edition,654
5852,AMG Line,655
5853,AMG Line Edition,655
5854,Edition 1,655
5855,Edition 1886,655
5856,EQC 400,655
5857,Sport,655
5858,AMG Edition Midnight,656
5859,AMG Line,656
5860,AMG Line Edition,656
5861,AMG Line Night Edition,656
5862,AMG Night Edition,656
5863,AMG Touring,656
5864,Business Class,656
5865,EQE 300,656
5866,EQE 350,656
5867,EQE 350+,656
5868,EQE 500,656
5869,EQE 53,656
5870,Exclusive Luxury,656
5871,Sport Edition,656
5872,AMG Line,657
5873,AMG Night Edition,657
5874,AMG Touring,657
5875,Business Class,657
5876,EQS 350,657
5877,EQS 450,657
5878,EQS 450+,657
5879,EQS 53,657
5880,EQS 580,657
5881,Exclusive Luxury,657
5882,Luxury,657
5883,EQV 300e,658
5884,Sport,658
5885,PREMIUM,659
5886,PRO,659
5887,SELECT,659
5888,AMG,660
5889,AMG Carbon Edition,660
5890,AMG Edition 1,660
5891,AMG Edition 463,660
5892,AMG Line,660
5893,AMG Magno Edition,660
5894,AMG MANUFAKTUR Edition,660
5895,BlueTEC,660
5896,Edition One,660
5897,G350 CDI V6,660
5898,G350 V6,660
5899,G350d,660
5900,G400d,660
5901,G450d,660
5902,G500h,660
5903,G55 V8,660
5904,G580,660
5905,G63 V8 BiTurbo,660
5906,GD,660
5907,GE300,660
5908,GEL,660
5909,MHEV,660
5910,Night Edition,660
5911,AMG,661
5912,AMG Sport,661
5913,BlueEfficiency,661
5914,BlueTEC,661
5915,GL320 CDI V6,661
5916,GL350 CDI V6,661
5917,GL350 V6,661
5918,GL420 CDI V8,661
5919,GL500 V8,661
5920,GL63 V8,661
5921,AMG,662
5922,AMG Line,662
5923,AMG Line Edition,662
5924,AMG Line Night Edition,662
5925,AMG S,662
5926,AMG S Plus,662
5927,AMG Yellow Night Edition,662
5928,Exclusive Edition,662
5929,GLA 180,662
5930,GLA 200,662
5931,GLA 200 CDI,662
5932,GLA 200d,662
5933,GLA 220 CDI,662
5934,GLA 220d,662
5935,GLA 250,662
5936,GLA 250e,662
5937,GLA 35,662
5938,GLA 45,662
5939,MHEV,662
5940,SE,662
5941,Sport,662
5942,Sport Edition,662
5943,Urban Edition,662
5944,WhiteArt,662
5945,AMG,663
5946,AMG Line,663
5947,AMG Line Night Edition,663
5948,Exclusive Launch Edition,663
5949,GLB200,663
5950,GLB200d,663
5951,GLB220d,663
5952,GLB35,663
5953,MHEV,663
5954,Sport,663
5955,AMG,664
5956,AMG Line,664
5957,AMG Night Edition,664
5958,AMG S,664
5959,AMG S E Performance,664
5960,AMG S E Performance Edition 1,664
5961,AMG S E Performance Night Edition,664
5962,AMG S Edition 1,664
5963,GL300,664
5964,GLC 220 d,664
5965,GLC 220 dh,664
5966,GLC 250,664
5967,GLC 250 d,664
5968,GLC 300,664
5969,GLC 300 d,664
5970,GLC 300 de,664
5971,GLC 300 dh,664
5972,GLC 300 e,664
5973,GLC 300 h,664
5974,GLC 350 d V6,664
5975,GLC 400 d,664
5976,GLC 43 h,664
5977,GLC 43 V6,664
5978,GLC 63,664
5979,GLC 63 V8 BiTurbo,664
5980,MHEV,664
5981,SE,664
5982,Sport,664
5983,Urban Edition,664
5984,AMG,665
5985,AMG designo Line,665
5986,AMG Line,665
5987,AMG Night Edition,665
5988,AMG S,665
5989,AMG S Night Edition,665
5990,designo Line,665
5991,GLE 250d,665
5992,GLE 300d,665
5993,GLE 300dh,665
5994,GLE 350d,665
5995,GLE 350d V6,665
5996,GLE 350dE,665
5997,GLE 400d,665
5998,GLE 400E,665
5999,GLE 43 V6,665
6000,GLE 450 V6,665
6001,GLE 450d,665
6002,GLE 450dh,665
6003,GLE 450h,665
6004,GLE 500E  V6,665
6005,GLE 53,665
6006,GLE 53 BiTurbo,665
6007,GLE 53h BiTurbo,665
6008,GLE 63 V8,665
6009,GLE 63 V8 BiTurbo,665
6010,GLE 63h V8 BiTurbo,665
6011,MHEV,665
6012,Sport,665
6013,Urban Edition,665
6014,AMG,666
6015,AMG Line,666
6016,AMG Line Night Edition,666
6017,AMG Night Edition,666
6018,Business Class,666
6019,designo Line,666
6020,GLS 350d V6,666
6021,GLS 400d,666
6022,GLS 450dh,666
6023,GLS 450h,666
6024,GLS 63 V8,666
6025,GLS 63 V8 BiTurbo,666
6026,GLS 63h V8 BiTurbo,666
6027,Grand Edition,666
6028,MHEV,666
6029,Night Edition,666
6030,AMG,667
6031,AMG Line,667
6032,AMG Sport,667
6033,BlueEfficiency,667
6034,BlueTEC,667
6035,Edition 10,667
6036,Grand Edition,667
6037,Inspiration Edition,667
6038,ML 250,667
6039,ML 270 CDI,667
6040,ML 280 CDI,667
6041,ML 300 CDI V6,667
6042,ML 320,667
6043,ML 320 CDI,667
6044,ML 320 CDI V6,667
6045,ML 350,667
6046,ML 350 CDI V6,667
6047,ML 350 V6,667
6048,ML 420 CDI,667
6049,ML 500,667
6050,ML 55,667
6051,ML 63,667
6052,ML 63 V8,667
6053,S,667
6054,SE,667
6055,Special Edition,667
6056,Sport,667
6057,First Class,668
6058,GLS600h V8,668
6059,MHEV,668
6060,First Class,669
6061,Maybach,669
6062,MHEV,669
6063,S580h V8,669
6064,S600 V12,669
6065,S650 V12,669
6066,S680 V12,669
6067,BlueEfficiency,670
6068,Grand Edition,670
6069,R280 CDI,670
6070,R300 CDI V6,670
6071,R320 CDI,670
6072,R350,670
6073,R350 CDI,670
6074,R350L CDI,670
6075,R500,670
6076,SE,670
6077,Sport,670
6078,350Ld V6,671
6079,AMG,671
6080,AMG E Performance Night Edition,671
6081,AMG E Performance Touring,671
6082,AMG Final Edition,671
6083,AMG Line,671
6084,AMG S,671
6085,AMG Sport Edition,671
6086,BlueEfficiency,671
6087,BlueTEC,671
6088,EQ Boost MHEV,671
6089,EQ Power,671
6090,Grand Edition,671
6091,MHEV,671
6092,Night Edition,671
6093,S280,671
6094,S300 Ldh,671
6095,S320,671
6096,S320 CDI,671
6097,S320 CDI V6,671
6098,S320L CDI V6,671
6099,S350,671
6100,S350 CDI V6,671
6101,S350 d,671
6102,S350 d V6,671
6103,S350 L CDI V6,671
6104,S350 L d,671
6105,S350 L V6,671
6106,S350 Ld,671
6107,S350 Ld V6,671
6108,S350 V6,671
6109,S400 L d,671
6110,S400 Lh V6,671
6111,S430,671
6112,S450 L,671
6113,S450 L d,671
6114,S450 Le,671
6115,S500,671
6116,S500 h,671
6117,S500 L,671
6118,S500 L V8,671
6119,S500 Le V6,671
6120,S500 Lh,671
6121,S500 V8,671
6122,S55,671
6123,S560 Le V6,671
6124,S560 V8 BiTurbo,671
6125,S580 Le V6,671
6126,S600,671
6127,S600 L BiTurbo,671
6128,S600 L V12,671
6129,S63 L V8,671
6130,S63 L V8 BiTurbo,671
6131,S63 V8,671
6132,S63 V8 BiTurbo,671
6133,S65,671
6134,S65 L BiTurbo,671
6135,S65 L V12,671
6136,S65 V12,671
6137,SE,671
6138,SE Line.,671
6139,Almandine,672
6140,AMG,672
6141,AMG Line,672
6142,AMG Performance,672
6143,AMG Sport,672
6144,AMG Touring,672
6145,Anniversary,672
6146,BlueEfficiency,672
6147,Edition,672
6148,Grand Edition,672
6149,Limited Edition,672
6150,MHEV,672
6151,Mille Miglia 417 Edition,672
6152,Night Edition,672
6153,Silver Arrow,672
6154,SL280,672
6155,SL300,672
6156,SL320,672
6157,SL350,672
6158,SL350 V6,672
6159,SL400,672
6160,SL400 V6,672
6161,SL43,672
6162,SL500,672
6163,SL500 V8,672
6164,SL55,672
6165,SL55 V8 BiTurbo,672
6166,SL60,672
6167,SL600,672
6168,SL63,672
6169,SL63 V8,672
6170,SL63 V8 BiTurbo,672
6171,SL65,672
6172,Sport Edition,672
6173,AMG,673
6174,AMG Line,673
6175,Final Edition,673
6176,SLC 180,673
6177,SLC 200,673
6178,SLC 250 d,673
6179,SLC 300,673
6180,SLC 43 V6,673
6181,Sport,673
6182,2LOOK,674
6183,AMG,674
6184,AMG Sport,674
6185,AMG Sport Edition 125,674
6186,BlueEfficiency,674
6187,CarbonLOOK Edition,674
6188,Edition 125,674
6189,Grand Edition,674
6190,Kompressor,674
6191,SLK 200,674
6192,SLK 200 K,674
6193,SLK 230,674
6194,SLK 250,674
6195,SLK 250 CDI,674
6196,SLK 250 d,674
6197,SLK 280,674
6198,SLK 300,674
6199,SLK 32,674
6200,SLK 320,674
6201,SLK 350,674
6202,SLK 55,674
6203,SLK 55 V8,674
6204,Sport,674
6205,V8,675
6206,63 V8,676
6207,AMG,676
6208,AMG GT,676
6209,AMG GT Final Edition,676
6210,214 CDI,677
6211,311 CDI,677
6212,313 CDI,677
6213,314 CDI,677
6214,315 CDI,677
6215,316 CDI,677
6216,319 CDI V6,677
6217,411 CDI,677
6218,511 CDI,677
6219,514 CDI,677
6220,516 CDI,677
6221,519 CDI,677
6222,BlueEfficiency,677
6223,Premium,677
6224,TL14,677
6225,TL17,677
6226,TL7,677
6227,109,678
6228,CDI,678
6229,Ambiente,679
6230,AMG Line,679
6231,BlueTEC,679
6232,Exclusive,679
6233,Premium,679
6234,SE,679
6235,Sport,679
6236,Trend,679
6237,V220d,679
6238,V250d,679
6239,V300d,679
6240,CDI,680
6241,Trend,680
6242,Ambiente,681
6243,Avantgarde,681
6244,CDI,681
6245,108 CDI,682
6246,109 CDI,682
6247,110 CDI,682
6248,111 CDI,682
6249,112 CDI,682
6250,113 CDi,682
6251,114 CDI,682
6252,115 CDI,682
6253,116 CDI,682
6254,119 CDI,682
6255,122 CDi,682
6256,BlueEFFICIENCY,682
6257,BlueTEC,682
6258,Dualiner,682
6259,Dualiner Comfort,682
6260,Dualiner Sport,682
6261,Premium,682
6262,PRO,682
6263,Progressive,682
6264,Pure,682
6265,SELECT,682
6266,Shuttle,682
6267,Sport,682
6268,Traveliner,682
6269,CDI,683
6270,CDI V6,683
6271,Element,683
6272,Power,683
6273,Progressive,683
6274,Pure,683
6275,GT,684
6276,Trophy,684
6277,Excite,685
6278,Exclusive,685
6279,TGI,685
6280,MG,686
6281,Excite,687
6282,Exclusive,687
6283,SE,687
6284,T-GDI,687
6285,Trophy,687
6286,120,688
6287,180,688
6288,Excite,688
6289,Exclusive,688
6290,Hybrid+,688
6291,Limited Edition,688
6292,SE,688
6293,SE Long Range,688
6294,T-GDI,688
6295,Trophy,688
6296,Trophy Connect,688
6297,Trophy Connect Long Range,688
6298,Trophy Long Range,688
6299,VTi-TECH,688
6300,3Form Sport,689
6301,3Style,689
6302,3Style+,689
6303,3Time,689
6304,90th Limited Edition,689
6305,Excite,689
6306,Exclusive,689
6307,Exclusive Nav,689
6308,Explore,689
6309,Hybrid+,689
6310,MHEV,689
6311,SE,689
6312,Trophy,689
6313,VTi-TECH,689
6314,SE,690
6315,SE Long Range,690
6316,Trophy Extended Range,690
6317,Trophy Long Range,690
6318,XPOWER,690
6319,Excite,691
6320,Excite Long Range,691
6321,Exclusive,691
6322,Exclusive Long Range,691
6323,SE Long Range,691
6324,Trophy Long Range,691
6325,DTi Tech,692
6326,GT S,692
6327,GT SE,692
6328,GT TSE,692
6329,S,692
6330,T,692
6331,TS,692
6332,TSE,692
6333,Roadster,693
6334,V8,694
6335,160,695
6336,Abingdon,695
6337,Freestyle,695
6338,i,695
6339,SE,695
6340,Trophy SE,695
6341,VVC,695
6342,SE,696
6343,SE Long Range,696
6344,Trophy Long Range,696
6345,80th Anniversary LE,697
6346,Cool Blue,697
6347,LE 500,697
6348,Spark SE,697
6349,Sprint,697
6350,Sunstorm SE,697
6351,120,698
6352,160,698
6353,Trophy SE,698
6354,VVC,698
6355,160,699
6356,190,699
6357,260,699
6358,135 CDTi,699
6359,Plus,699
6360,T,699
6361,V8,699
6362,120,700
6363,180,700
6364,190,700
6365,260,700
6366,135 CDTi,700
6367,Plus,700
6368,SE,700
6369,V8,700
6370,Long Range,701
6371,Classic,702
6372,E,702
6373,Exclusive,702
6374,John Cooper Works,702
6375,SE,702
6376,Sport,702
6377,Cooper,703
6378,Cooper Bond Street,703
6379,Cooper Classic,703
6380,Cooper D,703
6381,Cooper D Bond Street,703
6382,Cooper D Classic,703
6383,Cooper D Graphite,703
6384,Cooper D Hampton,703
6385,Cooper D Sport,703
6386,Cooper Exclusive,703
6387,Cooper Graphite,703
6388,Cooper Hampton,703
6389,Cooper S,703
6390,Cooper S Classic,703
6391,Cooper S Exclusive,703
6392,Cooper S Shadow Edition,703
6393,Cooper S Sport,703
6394,Cooper SD,703
6395,Cooper SD Hampton,703
6396,Cooper Shadow Edition,703
6397,Cooper Sport,703
6398,John Cooper Works,703
6399,One,703
6400,One City D,703
6401,One D,703
6402,One Graphite,703
6403,COOPER,704
6404,Cooper D,704
6405,One,704
6406,Cooper,705
6407,Cooper Classic,705
6408,Cooper D,705
6409,Cooper D Highgate,705
6410,Cooper Exclusive,705
6411,Cooper Highgate,705
6412,Cooper Resolute Edition,705
6413,Cooper S,705
6414,Cooper S 25th Anniversary,705
6415,Cooper S Classic,705
6416,Cooper S Exclusive,705
6417,Cooper S Highgate,705
6418,Cooper S Seaside Edition,705
6419,Cooper S Shadow Edition,705
6420,Cooper S Sidewalk,705
6421,Cooper S Sidewalk Edition,705
6422,Cooper S Sport,705
6423,Cooper S Works,705
6424,Cooper SD,705
6425,Cooper SD Highgate,705
6426,Cooper Shadow Edition,705
6427,Cooper Sidewalk,705
6428,Cooper Sport,705
6429,John Cooper Works,705
6430,One,705
6431,One Sidewalk,705
6432,C,706
6433,Classic,706
6434,Exclusive,706
6435,John Cooper Works,706
6436,S,706
6437,Sport,706
6438,C,707
6439,Classic,707
6440,Exclusive,707
6441,John Cooper Works,707
6442,S,707
6443,Sport,707
6444,C,708
6445,Classic,708
6446,Cooper,708
6447,Cooper Boardwalk Edition,708
6448,Cooper Classic,708
6449,Cooper D,708
6450,Cooper D Business Edition,708
6451,Cooper D Classic,708
6452,Cooper D Exclusive,708
6453,Cooper D Park Lane,708
6454,Cooper D Sport,708
6455,Cooper Exclusive,708
6456,Cooper Park Lane,708
6457,Cooper S,708
6458,Cooper S Boardwalk Edition,708
6459,Cooper S Classic,708
6460,Cooper S Exclusive,708
6461,Cooper S Park Lane,708
6462,Cooper S Shadow Edition,708
6463,Cooper S Sport,708
6464,Cooper S Untamed Edition,708
6465,Cooper SD,708
6466,Cooper SD Park Lane,708
6467,Cooper SD Special Edition,708
6468,Cooper SE,708
6469,Cooper SE Classic,708
6470,Cooper SE Exclusive,708
6471,Cooper SE Shadow Edition,708
6472,Cooper SE Sport,708
6473,Cooper Shadow Edition,708
6474,Cooper Sport,708
6475,Cooper Untamed Edition,708
6476,Exclusive,708
6477,John Cooper Works,708
6478,MHEV,708
6479,One,708
6480,One D,708
6481,S,708
6482,Sport,708
6483,Cooper,709
6484,Cooper S,709
6485,Cooper SD,709
6486,John Cooper Works,709
6487,S,710
6488,Classic,711
6489,E,711
6490,Exclusive,711
6491,John Cooper Works,711
6492,SE,711
6493,Sport,711
6494,Classic,712
6495,E,712
6496,Exclusive,712
6497,SE,712
6498,Sport,712
6499,Collection Edition,713
6500,Cooper SE,713
6501,Level 1,713
6502,Level 2,713
6503,Level 3,713
6504,Multitone Edition,713
6505,Resolute Edition,713
6506,Shadow Edition,713
6507,Challenge 210,714
6508,Cooper,714
6509,Cooper Baker Street,714
6510,Cooper Bayswater,714
6511,Cooper Camden,714
6512,Cooper Classic,714
6513,Cooper D,714
6514,Cooper D Baker Street,714
6515,Cooper D Bayswater,714
6516,Cooper D Camden,714
6517,Cooper D Graphite,714
6518,Cooper D London 2012,714
6519,Cooper D Pimlico,714
6520,Cooper D Seven,714
6521,Cooper D Soho,714
6522,Cooper Exclusive,714
6523,Cooper Graphite,714
6524,Cooper London 2012,714
6525,Cooper Mayfair,714
6526,Cooper Park Lane,714
6527,Cooper Pimlico,714
6528,Cooper Resolute Edition,714
6529,Cooper S,714
6530,Cooper S 60 Years Edition,714
6531,Cooper S Bayswater,714
6532,Cooper S Camden,714
6533,Cooper S Checkmate,714
6534,Cooper S Classic,714
6535,Cooper S Exclusive,714
6536,Cooper S London 2012,714
6537,Cooper S Mayfair,714
6538,Cooper S Resolute Edition,714
6539,Cooper S Seven,714
6540,Cooper S Sport,714
6541,Cooper S Works,714
6542,Cooper SD,714
6543,Cooper SD Bayswater,714
6544,Cooper SD Seven,714
6545,Cooper Seven,714
6546,Cooper Shadow Edition,714
6547,Cooper Soho,714
6548,Cooper Sport,714
6549,First,714
6550,John Cooper Works,714
6551,John Cooper Works 1To6 Edition,714
6552,John Cooper Works Anniversary Edition,714
6553,John Cooper Works Challenge,714
6554,John Cooper Works Checkmate,714
6555,John Cooper Works GP,714
6556,John Cooper Works World Championship,714
6557,One,714
6558,One 1499 GT,714
6559,One Baker Street,714
6560,One Classic,714
6561,One D,714
6562,One D Baker Street,714
6563,One D Pimlico,714
6564,One Graphite,714
6565,One Minimalist,714
6566,One Pimlico,714
6567,One Seven,714
6568,Cooper,715
6569,Cooper D,715
6570,Cooper S,715
6571,Cooper SD,715
6572,John Cooper Works,715
6573,Cooper,716
6574,Cooper S,716
6575,Cooper SD,716
6576,John Cooper Works,716
6577,2,717
6578,3,717
6579,4,717
6580,5,717
6581,3 SE,717
6582,4 Black,717
6583,Attivo,717
6584,Black,717
6585,ClearTec,717
6586,D,717
6587,DI-D,717
6588,Dynamic,717
6589,Exceed,717
6590,Juro,717
6591,MIVEC,717
6592,ZC,717
6593,ZC-H,717
6594,ZC-M,717
6595,Elegance,718
6596,GDi,718
6597,Black Hawk,719
6598,Black Hawk CZT,719
6599,Blue,719
6600,CZ1,719
6601,CZ2,719
6602,CZ3,719
6603,CZT,719
6604,DI-D,719
6605,Elegance,719
6606,Equippe,719
6607,Juro,719
6608,Ralliart,719
6609,Sport,719
6610,T,719
6611,CZC,720
6612,CZC1,720
6613,CZC2,720
6614,CZC3,720
6615,Classic,721
6616,2,722
6617,3,722
6618,4,722
6619,Black,722
6620,Design SE,722
6621,Dynamic,722
6622,Exceed,722
6623,First Edition,722
6624,T,722
6625,Verve,722
6626,Classic,723
6627,DI-D,723
6628,Elegance,723
6629,Equippe,723
6630,Mirage SE,723
6631,Warrior,723
6632,4Life,724
6633,4Work,724
6634,Animal,724
6635,Barbarian,724
6636,Barbarian Black,724
6637,CC 4Life,724
6638,Challenger,724
6639,DC 4Life,724
6640,DC Barbarian,724
6641,DC Barbarian Black,724
6642,DC Barbarian SVP,724
6643,DC Barbarian SVP II,724
6644,DC Barbarian X,724
6645,DC Challenger,724
6646,DC Titan,724
6647,DC Trojan,724
6648,DC Warrior,724
6649,DI-D,724
6650,Diamond,724
6651,Raging Bull,724
6652,SC 4Life,724
6653,TD,724
6654,Trojan,724
6655,Trojan Black,724
6656,Walkinshaw Performance,724
6657,Warrior,724
6658,DI-D,725
6659,Elegance,725
6660,Equippe,725
6661,EVO IX MR FQ-300,725
6662,EVO IX MR FQ-340,725
6663,EVO IX MR FQ-360,725
6664,EVO VI,725
6665,EVO VI eXtreme,725
6666,EVO VI GSR,725
6667,EVO VII RSII,725
6668,EVO VIII 260,725
6669,EVO VIII 280,725
6670,EVO VIII FQ-300,725
6671,EVO VIII FQ-330,725
6672,EVO VIII MR FQ-320,725
6673,EVO VIII RSII,725
6674,EVO X FQ-440 MR,725
6675,EVO X GSR FQ-300,725
6676,EVO X GSR FQ-330,725
6677,EVO X GSR FQ-360,725
6678,GS Ralliart,725
6679,GS2,725
6680,GS3,725
6681,GS4,725
6682,Juro,725
6683,T,725
6684,1,726
6685,2,726
6686,3,726
6687,4,726
6688,Attivo,726
6689,Design,726
6690,Design Pro,726
6691,First Edition,726
6692,Juro,726
6693,Verve,726
6694,3,727
6695,4,727
6696,3h,727
6697,4h,727
6698,4hs,727
6699,5h,727
6700,5hs,727
6701,Black,727
6702,Design,727
6703,DI-D,727
6704,DI-DC,727
6705,Diamond,727
6706,Dynamic,727
6707,Dynamic Safety,727
6708,Elegance,727
6709,Exceed,727
6710,Exceed Safety,727
6711,GX1 4work,727
6712,GX2,727
6713,GX3,727
6714,GX3h,727
6715,GX3h+,727
6716,GX4,727
6717,GX4h,727
6718,GX4hs,727
6719,GX4s,727
6720,GX5,727
6721,GX5h,727
6722,GX5hs,727
6723,h,727
6724,h TwinMotor,727
6725,Juro,727
6726,Kotu,727
6727,MIVEC,727
6728,Reflex,727
6729,Reflex Plus,727
6730,SE,727
6731,Sport SE,727
6732,Verve,727
6733,Warrior,727
6734,Animal,728
6735,Barbarian,728
6736,Classic,728
6737,DI-D,728
6738,DI-DC,728
6739,Diamond,728
6740,Elegance,728
6741,Equippe,728
6742,Equippe 4work,728
6743,Field,728
6744,GDi,728
6745,GLS,728
6746,GLX,728
6747,SG2,728
6748,SG2 4work,728
6749,SG3,728
6750,SG4,728
6751,SG5,728
6752,TD,728
6753,Warrior,728
6754,Elegance,729
6755,Equippe,729
6756,GDi,729
6757,3,730
6758,4,730
6759,Classic,730
6760,D,730
6761,Equippe,730
6762,TD,730
6763,Trojan,730
6764,Warrior,730
6765,Equippe E,731
6766,Runabout,732
6767,i,733
6768,i,734
6769,i,735
6770,Touring,735
6771,Turbo,736
6772,Turbo,737
6773,Grand Turismo 4,738
6774,GT,738
6775,V6,738
6776,Black Edition,739
6777,GT,739
6778,GT 50th Anniversary,739
6779,GT Edition,739
6780,GT Ultimate,739
6781,Nismo,739
6782,V6,739
6783,E,740
6784,S,740
6785,SE,740
6786,SVE,740
6787,SX,740
6788,S,741
6789,SE,741
6790,Advance,742
6791,Engage,742
6792,Evolve,742
6793,Evolve+,742
6794,Nismo,742
6795,GS,743
6796,Kaizen,744
6797,LDN,744
6798,Acenta,745
6799,Tekna,745
6800,Visia,745
6801,Evalia,746
6802,Tekna,746
6803,45th Anniversary,747
6804,Black Edition,747
6805,Nismo,747
6806,Premium Black,747
6807,Premium Edition,747
6808,Prestige,747
6809,Pure,747
6810,Recaro,747
6811,Track Edition,747
6812,V6,747
6813,Acenta,748
6814,Acenta Premium,748
6815,Acenta Sport,748
6816,Bose Personal Edition,748
6817,dCi,748
6818,DIG-T,748
6819,Enigma,748
6820,Envy,748
6821,Kiiro,748
6822,Kuro,748
6823,Ministry of Sound,748
6824,N-Connecta,748
6825,N-Sport,748
6826,n-tec,748
6827,N-Vision,748
6828,Nismo,748
6829,Nismo RS,748
6830,Premiere Edition,748
6831,Shiro,748
6832,Tekna,748
6833,Tekna Pulse,748
6834,Tekna+,748
6835,Visia,748
6836,SE,749
6837,10,750
6838,2.Zero,750
6839,3.Zero,750
6840,Acenta,750
6841,Acenta+,750
6842,Black Edition,750
6843,e+ 3.Zero,750
6844,e+ N-Connecta,750
6845,e+ n-tec,750
6846,e+ Tekna,750
6847,N-Connecta,750
6848,Shiro,750
6849,Tekna,750
6850,Visia,750
6851,Visia+,750
6852,SE+,751
6853,30,752
6854,25th Anniversary,752
6855,Acenta,752
6856,Acenta+,752
6857,Activ,752
6858,Active Luxury,752
6859,Bose Personal Edition,752
6860,dCi,752
6861,DIG-S,752
6862,DIG-T,752
6863,E,752
6864,Elle,752
6865,IG,752
6866,IG-T,752
6867,Initia,752
6868,Kiiro,752
6869,Kuro,752
6870,LS,752
6871,LX,752
6872,N-Connecta,752
6873,N-Sport,752
6874,n-tec,752
6875,S,752
6876,SE,752
6877,Shape,752
6878,Shiro,752
6879,Spirita,752
6880,Sport,752
6881,Sport+,752
6882,SVE,752
6883,SX,752
6884,Tekna,752
6885,Tempest,752
6886,URBIS,752
6887,Vibe,752
6888,Visia,752
6889,Visia +,752
6890,Visia Limited Edition,752
6891,Visia+,752
6892,XS,752
6893,Acenta,753
6894,Essenza,753
6895,Pink,753
6896,Sport,753
6897,URBIS,753
6898,Visia,753
6899,dCi,754
6900,V6,754
6901,Acenta,755
6902,Acenta+,755
6903,Aventura,755
6904,dCi,755
6905,dCi V6,755
6906,Di,755
6907,King Cab,755
6908,Long Way Down Expedition,755
6909,N-Connecta,755
6910,N-Guard,755
6911,Off-Roader AT32,755
6912,Outlaw,755
6913,Platinum,755
6914,Salomon,755
6915,Sport,755
6916,Tekna,755
6917,Trek -1,755
6918,Visia,755
6919,Acenta,756
6920,Acenta Premium,756
6921,Acenta R,756
6922,Acenta S,756
6923,Black Edition,756
6924,dCi,756
6925,DIG-S,756
6926,n-tec,756
6927,n-tec+,756
6928,S,756
6929,SE,756
6930,SVE,756
6931,Tekna,756
6932,Visia,756
6933,Acenta,757
6934,dCi,757
6935,SE,757
6936,dCi 1.2t,758
6937,Tekna,758
6938,Acenta,759
6939,Aventura,759
6940,California Sports Adventure,759
6941,dCi,759
6942,Mammoth Sports Adventure,759
6943,Platinum,759
6944,Sport,759
6945,SVE,759
6946,TD,759
6947,Tekna,759
6948,Trek,759
6949,Aventura,760
6950,Di,760
6951,SVE,760
6952,TD,760
6953,Di,761
6954,SVE,761
6955,Di,762
6956,Acenta,763
6957,n-tec,763
6958,Visia,763
6959,Acenta,764
6960,dCi 30,764
6961,Tekna,764
6962,Flare,765
6963,S,765
6964,Sport,765
6965,SVE,765
6966,SX,765
6967,T-Spec,765
6968,Acenta,766
6969,dCi,766
6970,DIG-T,766
6971,N-Connecta,766
6972,N-Connecta Style,766
6973,n-tec,766
6974,Tekna,766
6975,Visia,766
6976,360,767
6977,Acenta,767
6978,Acenta Premium,767
6979,Acenta+,767
6980,Black Edition,767
6981,dCi,767
6982,DIG-T,767
6983,h e-POWER,767
6984,Kuro Edition,767
6985,MHEV,767
6986,N-Connecta,767
6987,N-Design,767
6988,N-Motion,767
6989,n-tec,767
6990,n-tec+,767
6991,N-Vision,767
6992,Pilot One Edition,767
6993,Premier Limited Edition,767
6994,Premiere Edition,767
6995,Sound & Style,767
6996,Tekna,767
6997,Tekna+,767
6998,Visia,767
6999,360,768
7000,Acenta,768
7001,dCi,768
7002,n-tec,768
7003,n-tec+,768
7004,Tekna,768
7005,Visia,768
7006,Excursion,769
7007,GX,769
7008,SGX,769
7009,SLX,769
7010,GT-R,770
7011,GSX,771
7012,GTI-R,771
7013,SLX,771
7014,S,772
7015,TD,772
7016,S,773
7017,TD,773
7018,TCe,774
7019,Tekna,774
7020,Acenta,775
7021,Acenta Premium,775
7022,Acenta+,775
7023,Arctix Expedition Sports Adventure,775
7024,Aventura,775
7025,Aventura Explorer,775
7026,Columbia,775
7027,dCi,775
7028,Di,775
7029,DIG-T,775
7030,h e-POWER,775
7031,i,775
7032,MHEV,775
7033,N-Connecta,775
7034,N-Design,775
7035,n-tec,775
7036,n-tec+,775
7037,N-Trek,775
7038,N-Vision,775
7039,S,775
7040,Sport,775
7041,Sport Expedition,775
7042,SVE,775
7043,T-Spec,775
7044,Tekna,775
7045,Tekna SE,775
7046,Tekna+,775
7047,Trek,775
7048,Visia,775
7049,GTO-3,776
7050,GTO-3R,776
7051,Comfort,777
7052,Noble,777
7053,TGDI,777
7054,Noble,778
7055,T SHS,778
7056,Comfort,779
7057,Noble,779
7058,EX SE,780
7059,GXi,780
7060,EZi,781
7061,EZi Lux,781
7062,EZi SE,781
7063,SXI,781
7064,SXi Lux,781
7065,SXi Sport,781
7066,D,782
7067,Graduate,782
7068,Independence,782
7069,Rallye,782
7070,XND,782
7071,XT,782
7072,Zest 2,782
7073,Access,783
7074,Active,783
7075,Allure,783
7076,Envy,783
7077,Kiss,783
7078,Millesim,783
7079,Sport,783
7080,Sport XS,783
7081,Sportium,783
7082,Urban,783
7083,Urban Lite,783
7084,Urban Move,783
7085,Verve,783
7086,Access,784
7087,Active,784
7088,Allure,784
7089,Collection,784
7090,Feline,784
7091,Feline Nav,784
7092,GT Line,784
7093,PureTech,784
7094,Roland Garros,784
7095,VTi,784
7096,CJ,785
7097,CTi,785
7098,D,785
7099,GL,785
7100,GLD,785
7101,GTi,785
7102,Roland Garros,785
7103,Sceptre,785
7104,Style D,785
7105,TD,785
7106,Fever,786
7107,GLX,786
7108,GTi 180,786
7109,HDi,786
7110,Look,786
7111,LX,786
7112,Roland Garros,786
7113,S,786
7114,SE,786
7115,Sport,786
7116,Urban,786
7117,Verve,786
7118,XSi,786
7119,Zest,786
7120,Zest 3,786
7121,70,787
7122,Access,787
7123,Active,787
7124,Allure,787
7125,Cielo,787
7126,Envy,787
7127,GT,787
7128,GTi,787
7129,HDi,787
7130,m:play,787
7131,Millesim,787
7132,S,787
7133,S16,787
7134,SE,787
7135,SE Premium,787
7136,Sport,787
7137,Sportium,787
7138,THP,787
7139,Urban,787
7140,Verve,787
7141,VTi,787
7142,Access,788
7143,Access+,788
7144,Active,788
7145,Active Design,788
7146,Active Premium,788
7147,Active Premium +,788
7148,Allure,788
7149,Allure Premium,788
7150,Allure Premium +,788
7151,Black Edition,788
7152,BlueHDi,788
7153,e-HDi,788
7154,e-THP,788
7155,e-VTi,788
7156,Feline,788
7157,GT,788
7158,GT Line,788
7159,GT Premium,788
7160,GTi,788
7161,GTi 30th,788
7162,GTi by Peugeot Sport,788
7163,GTi Prestige,788
7164,HDi,788
7165,Ice Velvet,788
7166,Intuitive,788
7167,PureTech,788
7168,PureTech MHEV,788
7169,Roland Garros,788
7170,Signature,788
7171,Style,788
7172,Tech Edition,788
7173,THP,788
7174,VTi,788
7175,XS,788
7176,XY,788
7177,D,789
7178,LX,789
7179,Meridian,789
7180,S,789
7181,SE,789
7182,XLD,789
7183,XSi,789
7184,HDi,790
7185,LX,790
7186,S,790
7187,SE,790
7188,Sport,790
7189,X-Line,790
7190,XSi,790
7191,Zest,790
7192,Access,791
7193,Active,791
7194,Active Premium,791
7195,Allure,791
7196,Allure Premium,791
7197,BlueHDi,791
7198,e-HDi,791
7199,e-THP,791
7200,Envy,791
7201,Feline,791
7202,GT,791
7203,GT Line,791
7204,GT Premium,791
7205,GTi,791
7206,GTi by Peugeot Sport,791
7207,HDi,791
7208,Millesim,791
7209,PureTech,791
7210,PureTech MHEV,791
7211,S,791
7212,SE,791
7213,Sport,791
7214,Sportium,791
7215,SR,791
7216,Tech Edition,791
7217,THP,791
7218,Urban,791
7219,Verve,791
7220,VTi,791
7221,Look,792
7222,Executive,793
7223,GLX,793
7224,HDi,793
7225,LX,793
7226,Rapier,793
7227,SE,793
7228,Bellagio,794
7229,GT,794
7230,HDi,794
7231,SE,794
7232,Sport,794
7233,Zenith,794
7234,Allure,795
7235,Allure Premium,795
7236,GT,795
7237,PureTech,795
7238,PureTech MHEV,795
7239,Access,796
7240,Active,796
7241,Active Premium,796
7242,Allure,796
7243,Allure Edition,796
7244,Allure Premium,796
7245,BlueHDi,796
7246,e-HDi,796
7247,First Edition,796
7248,GT,796
7249,GT Line,796
7250,GT Premium,796
7251,HDi,796
7252,PureTech,796
7253,Sport Engineered,796
7254,SR,796
7255,Executive,797
7256,HDi,797
7257,SE,797
7258,Dolce,798
7259,HDi,798
7260,SE,798
7261,Sport,798
7262,Access,799
7263,Access+,799
7264,Active,799
7265,Active Premium,799
7266,Active Premium +,799
7267,Allure,799
7268,Allure Premium,799
7269,Allure Premium +,799
7270,BlueHDi,799
7271,Crossway,799
7272,e-HDi,799
7273,e-VTi,799
7274,Feline,799
7275,GT,799
7276,GT Line,799
7277,GT Premium,799
7278,HDi,799
7279,PureTech,799
7280,PureTech MHEV,799
7281,Signature,799
7282,Urban Cross,799
7283,VTi,799
7284,Access,800
7285,Active,800
7286,Active Premium,800
7287,Active Premium +,800
7288,Allure,800
7289,Allure Premium,800
7290,Allure Premium +,800
7291,BlueHDi,800
7292,Crossway,800
7293,e-HDi,800
7294,Envy,800
7295,Exclusive,800
7296,GT,800
7297,GT Line,800
7298,GT Line Premium,800
7299,GT Premium,800
7300,h e-HDi,800
7301,HDi,800
7302,MHEV,800
7303,PureTech,800
7304,Roland Garros,800
7305,Sport,800
7306,Sportium,800
7307,SR,800
7308,Style,800
7309,THP,800
7310,VTi,800
7311,GT,801
7312,HDi,801
7313,Access,802
7314,Active,802
7315,Active Premium,802
7316,Active Premium +,802
7317,Allure,802
7318,Allure Premium,802
7319,Allure Premium +,802
7320,BlueHDi,802
7321,e-HDi,802
7322,Envy,802
7323,Exclusive,802
7324,Family,802
7325,GT,802
7326,GT Line,802
7327,GT Line Premium,802
7328,GT Premium,802
7329,HDi,802
7330,MHEV,802
7331,PureTech,802
7332,Sport,802
7333,THP,802
7334,VTi,802
7335,Allure,803
7336,HDi,803
7337,S,803
7338,SE,803
7339,Sport,803
7340,HDi,804
7341,S,804
7342,Verve,804
7343,XT,804
7344,Active,805
7345,Allure,805
7346,ELLE,805
7347,GT,805
7348,HDi,805
7349,Roland Garros,805
7350,Sport,805
7351,THP,805
7352,VTi,805
7353,Active,806
7354,Allure,806
7355,HDi,806
7356,Millesim,806
7357,Outdoor,806
7358,S,806
7359,Sport,806
7360,VTi,806
7361,Allure,807
7362,HDi,807
7363,S,807
7364,SE,807
7365,Sport,807
7366,HDi,808
7367,S,808
7368,SE,808
7369,XSi,808
7370,Active,809
7371,Allure,809
7372,e-HDi,809
7373,GT,809
7374,HDi,809
7375,Roland Garros,809
7376,SE,809
7377,Sport,809
7378,THP,809
7379,VTi,809
7380,Access,810
7381,Active,810
7382,Active Premium,810
7383,Allure,810
7384,Allure Premium,810
7385,BlueHDi,810
7386,e-HDi,810
7387,e-THP,810
7388,Feline,810
7389,GT,810
7390,GT Line,810
7391,GT Premium,810
7392,HDi,810
7393,PureTech,810
7394,PureTech MHEV,810
7395,S,810
7396,SE,810
7397,Sport,810
7398,SR,810
7399,Tech Edition,810
7400,VTi,810
7401,Executive,811
7402,HDi,811
7403,S,811
7404,SE,811
7405,Sport,811
7406,SV,811
7407,Active,812
7408,Allure,812
7409,Allure Premium,812
7410,BlueHDi,812
7411,e-HDi,812
7412,First Edition,812
7413,GT,812
7414,GT Line,812
7415,GT Line Edition,812
7416,GT Premium,812
7417,HDi,812
7418,PureTech,812
7419,RXH,812
7420,Sport Engineered,812
7421,SR,812
7422,HDi 80,813
7423,HDi,814
7424,Outdoor,814
7425,S,814
7426,BlueHDi 335,815
7427,Professional,815
7428,Active,816
7429,Active Premium,816
7430,Active Premium +,816
7431,Allure,816
7432,Allure Premium,816
7433,Allure Premium +,816
7434,First Edition,816
7435,GT,816
7436,GT Line,816
7437,GT Premium,816
7438,Active,817
7439,Active Premium,817
7440,Active Premium +,817
7441,Allure,817
7442,Allure Premium,817
7443,Allure Premium +,817
7444,E-Style,817
7445,GT,817
7446,GT Line,817
7447,GT Premium,817
7448,Allure,818
7449,GT,818
7450,Allure,819
7451,First Edition,819
7452,GT,819
7453,Allure,820
7454,GT,820
7455,Allure,821
7456,GT,821
7457,700,822
7458,Professional,822
7459,Professional Premium +,822
7460,Allure,823
7461,Allure Premium,823
7462,GT,823
7463,Active,824
7464,Allure,824
7465,Business VIP,824
7466,Asphalt,825
7467,BlueHDi,825
7468,BlueHDi 1200,825
7469,BlueHDi 1400,825
7470,HDi,825
7471,Professional,825
7472,Professional Premium,825
7473,Professional Premium +,825
7474,Comfort,826
7475,HDi,826
7476,Leisure,826
7477,TD,826
7478,BlueHDi 1000,827
7479,BlueHDi 744,827
7480,BlueHDi 850,827
7481,BlueHDi 950,827
7482,Combi,827
7483,Escapade,827
7484,HDi,827
7485,HDi 750,827
7486,Professional,827
7487,Professional Premium,827
7488,Professional Premium +,827
7489,Quiksilver,827
7490,S,827
7491,Totem,827
7492,Active,828
7493,Allure,828
7494,BlueHDi,828
7495,HDi,828
7496,Outdoor,828
7497,PureTech,828
7498,Tepee Outdoor,828
7499,Tepee S,828
7500,Tepee Zenith,828
7501,VTi,828
7502,Asphalt,829
7503,GT,829
7504,GT Line,829
7505,HDi,829
7506,Magnetic,829
7507,R,829
7508,Red Carbon,829
7509,Sport,829
7510,THP,829
7511,Active,830
7512,Allure,830
7513,Allure Premium,830
7514,BlueHDi,830
7515,GT,830
7516,GT Line,830
7517,PureTech,830
7518,Active,831
7519,Allure,831
7520,BlueHDi,831
7521,Business,831
7522,Business VIP,831
7523,BST Edition 230,832
7524,Long Range,832
7525,Long Range Performance,832
7526,Long Range Plus Pilot,832
7527,PILOT PLUS,832
7528,Standard Range,832
7529,Long Range,833
7530,Long Range Performance,833
7531,Long Range Performance Plus Pilot,833
7532,Long Range Plus Pilot,833
7533,Long Range,834
7534,964,835
7535,991,835
7536,996,835
7537,997,835
7538,964 Carrera 2,835
7539,964 Carrera 4,835
7540,964 Carrera RS Lightweight,835
7541,964 Turbo,835
7542,991 4,835
7543,991 4 GTS,835
7544,991 4S,835
7545,991 50th Anniversary Edition,835
7546,991 Carrera,835
7547,991 Carrera 4,835
7548,991 Carrera 4 GTS,835
7549,991 Carrera 4S,835
7550,991 Carrera Black Edition,835
7551,991 Carrera GTS,835
7552,991 Carrera S,835
7553,991 Carrera T,835
7554,991 GT2 RS,835
7555,991 GT3,835
7556,991 GT3 RS,835
7557,991 R,835
7558,991 Turbo,835
7559,991 Turbo S,835
7560,992 4,835
7561,992 4 GTS,835
7562,992 4S,835
7563,992 4S Heritage Design Edition,835
7564,992 Carrera,835
7565,992 Carrera 4,835
7566,992 Carrera 4 GTS,835
7567,992 Carrera 4S,835
7568,992 Carrera GTS,835
7569,992 Carrera S,835
7570,992 Carrera T,835
7571,992 Dakar,835
7572,992 Edition 50Years Porsche Design,835
7573,992 GT3,835
7574,992 GT3 RS,835
7575,992 GT3 Touring,835
7576,992 S/T,835
7577,992 Sport Classic,835
7578,992 Turbo,835
7579,992 Turbo 50 Years,835
7580,992 Turbo S,835
7581,993 Carrera,835
7582,993 Carrera 4,835
7583,993 Carrera 4S,835
7584,993 Carrera RS,835
7585,993 Carrera S,835
7586,993 Turbo,835
7587,996 Carrera 2,835
7588,996 Carrera 4,835
7589,996 Carrera 4S,835
7590,996 GT2,835
7591,996 GT3,835
7592,996 GT3 RS,835
7593,996 Turbo,835
7594,996 Turbo S,835
7595,997 4,835
7596,997 4S,835
7597,997 Black Edition,835
7598,997 Carrera,835
7599,997 Carrera 4,835
7600,997 Carrera 4 GTS,835
7601,997 Carrera 4S,835
7602,997 Carrera GTS,835
7603,997 Carrera S,835
7604,997 GT2,835
7605,997 GT2 RS,835
7606,997 GT3,835
7607,997 GT3 RS,835
7608,997 Turbo,835
7609,997 Turbo S,835
7610,Carrera,835
7611,Classic Carrera,835
7612,Classic Carrera Club Sport,835
7613,Classic Carrera Sport,835
7614,Classic Carrera Super Sport,835
7615,Classic SC,835
7616,Classic Turbo,835
7617,Classic Turbo Sport,835
7618,T,835
7619,T-Hybrid,835
7620,S,836
7621,Turbo,836
7622,GT,837
7623,GTS,837
7624,S Series 2,837
7625,S Series 4,837
7626,Lux,838
7627,S,838
7628,S2,838
7629,Turbo,838
7630,Sport,839
7631,25 Years,840
7632,GTS,840
7633,S,840
7634,Style Edition,840
7635,T,840
7636,GT4,841
7637,GT4 RS,841
7638,GTS,841
7639,S,841
7640,Style Edition,841
7641,T,841
7642,RS,842
7643,981,843
7644,986,843
7645,987,843
7646,981 Black Edition,843
7647,981 GTS,843
7648,981 S,843
7649,986 S,843
7650,987 RS 60,843
7651,987 S,843
7652,S 260,843
7653,GTS,844
7654,h V6,844
7655,Platinum Edition,844
7656,S,844
7657,S Platinum Edition,844
7658,T V6,844
7659,T V8,844
7660,TD V6,844
7661,TD V8,844
7662,TDI V6,844
7663,Turbo,844
7664,Turbo GT,844
7665,Turbo S,844
7666,V6,844
7667,V6 E-Hybrid,844
7668,V8 E-Hybrid,844
7669,981,845
7670,987,845
7671,981 Black Edition,845
7672,981 GT4,845
7673,981 GTS,845
7674,981 S,845
7675,987 R,845
7676,987 S,845
7677,987 Sport,845
7678,4,846
7679,4S,846
7680,GTS,846
7681,S,846
7682,T,846
7683,T V6,846
7684,TD V6,846
7685,Turbo,846
7686,Turbo Performance,846
7687,V6,846
7688,4,847
7689,4 10 Years Edition,847
7690,4 E-Hybrid,847
7691,4 Executive,847
7692,4 Platinum Edition,847
7693,4S,847
7694,4S E-Hybrid,847
7695,D V6,847
7696,GTS,847
7697,h V6,847
7698,Platinum Edition,847
7699,S,847
7700,T V6,847
7701,T V8,847
7702,TD V8,847
7703,Turbo,847
7704,Turbo E-Hybrid,847
7705,Turbo Executive,847
7706,Turbo S,847
7707,Turbo S E-Hybrid,847
7708,Turbo S Executive,847
7709,V6,847
7710,V6 E-Hybrid,847
7711,V8,847
7712,V8 E-Hybrid,847
7713,4,848
7714,4S,848
7715,GTS,848
7716,Performance,848
7717,Performance Plus,848
7718,Turbo,848
7719,Turbo GT,848
7720,Turbo S,848
7721,ecoLogic,849
7722,GLS LE,849
7723,Persona,849
7724,Meridian,850
7725,Style,851
7726,GTC,852
7727,GTE,852
7728,Auto,853
7729,GT,853
7730,Turbo,853
7731,comfort range,854
7732,evolution,854
7733,iconic five,854
7734,roland garros,854
7735,techno,854
7736,urban range,854
7737,E-TECH,855
7738,E-Tech engineered,855
7739,E-Tech engineered BOSE Edition,855
7740,esprit Alpine,855
7741,evolution,855
7742,Iconic,855
7743,MHEV,855
7744,r.s. line,855
7745,S Edition,855
7746,TCe,855
7747,techno,855
7748,E-TECH,856
7749,iconic esprit Alpine,856
7750,techno,856
7751,techno esprit Alpine,856
7752,Dynamique,857
7753,Turbo,857
7754,Blue dCi,858
7755,Bose Launch Edition,858
7756,dCi,858
7757,dCi ENERGY,858
7758,Dynamique MediaNav,858
7759,Dynamique Nav,858
7760,Dynamique S MediaNav,858
7761,Dynamique S Nav,858
7762,E-TECH,858
7763,E-Tech engineered,858
7764,E-Tech engineered BOSE Edition,858
7765,esprit Alpine,858
7766,evolution,858
7767,Expression +,858
7768,Expression + Convenience,858
7769,GT Line,858
7770,Iconic,858
7771,Iconic Edition,858
7772,Iconic Nav,858
7773,Launch Edition,858
7774,Limited,858
7775,MHEV,858
7776,Play,858
7777,Rive Gauche SE,858
7778,RS Line,858
7779,S Edition,858
7780,SE Edition,858
7781,SE Limited,858
7782,Signature,858
7783,Signature Nav,858
7784,Signature S Nav,858
7785,Signature X Nav,858
7786,TCe,858
7787,TCe ENERGY,858
7788,techno,858
7789,75 Authentique,859
7790,Authentique,859
7791,Bizu,859
7792,Blue dCi,859
7793,Campus,859
7794,Campus Sport,859
7795,Campus Sport I-Music,859
7796,dCi,859
7797,Dynamique,859
7798,Dynamique MediaNav,859
7799,Dynamique Nav,859
7800,Dynamique S,859
7801,Dynamique S MediaNav,859
7802,Dynamique S Nav,859
7803,Dynamique TomTom,859
7804,E-TECH,859
7805,E-Tech engineered,859
7806,ECO,859
7807,eco2,859
7808,esprit Alpine,859
7809,Evolution,859
7810,Expression,859
7811,Expression +,859
7812,Extreme,859
7813,Extreme 3,859
7814,Extreme 4,859
7815,Freeway,859
7816,GT,859
7817,GT Line,859
7818,GT Line TomTom,859
7819,I-Music,859
7820,Iconic,859
7821,Iconic 25 Nav,859
7822,Iconic Edition,859
7823,Initiale,859
7824,Initiale TomTom,859
7825,Launch Edition,859
7826,Lutecia,859
7827,Play,859
7828,Privilege,859
7829,Privilege TomTom,859
7830,Pzaz,859
7831,Renaultsport,859
7832,Renaultsport Cup,859
7833,Renaultsport Lux,859
7834,Renaultsport Nav,859
7835,Renaultsport Nav Lux,859
7836,Renaultsport Nav Trophy,859
7837,Renaultsport Raider,859
7838,Renaultsport Silverstone GP,859
7839,Renaultsport Trophy,859
7840,Rip Curl,859
7841,RS Line,859
7842,RS Line Bose Edition,859
7843,RT,859
7844,RT Champs Elysees,859
7845,Rush,859
7846,S,859
7847,S Edition,859
7848,SCe,859
7849,SE Edition,859
7850,Signature Nav,859
7851,Sport,859
7852,TCe,859
7853,Techno,859
7854,TomTom,859
7855,TomTom Edition,859
7856,Urban Nav,859
7857,V6,859
7858,VVT,859
7859,dCi,860
7860,Dynamique,860
7861,Dynamique TomTom,860
7862,dCi,861
7863,Dynamique,861
7864,Dynamique TomTom,861
7865,Dynamique TomTom Initiale Lux,861
7866,T,861
7867,dCi,862
7868,Dynamique,862
7869,Expression,862
7870,I-Music,862
7871,TCe,862
7872,VVT,862
7873,Blue dCi,863
7874,dCi,863
7875,dCi ENERGY,863
7876,Dynamique,863
7877,Dynamique Nav,863
7878,Dynamique Nav Bose +,863
7879,Dynamique S,863
7880,Dynamique S Nav,863
7881,Dynamique TomTom,863
7882,Dynamique TomTom Bose +,863
7883,Expression,863
7884,Extreme,863
7885,FAP,863
7886,h dCi,863
7887,Iconic,863
7888,Limited,863
7889,Play,863
7890,Privilege,863
7891,Privilege TomTom,863
7892,Signature,863
7893,Signature Nav,863
7894,TCe,863
7895,VVT,863
7896,Le Mans,864
7897,Blue dCi,865
7898,dCi,865
7899,Dynamique Nav,865
7900,Dynamique S Nav,865
7901,Dynamique SE Nav,865
7902,Equilibre,865
7903,Expression +,865
7904,GT Line,865
7905,Iconic,865
7906,Play,865
7907,S Edition,865
7908,Signature Nav,865
7909,Signature S Nav,865
7910,TCe,865
7911,Techno,865
7912,75 Authentique,866
7913,Authentique,866
7914,dCi,866
7915,Dynamique TomTom,866
7916,Expression,866
7917,Extreme,866
7918,RXE,866
7919,Venture,866
7920,Business,867
7921,Business+,867
7922,dCi ENERGY LL21,867
7923,E,867
7924,LL21 dCi,867
7925,Z.E.,867
7926,ZE,867
7927,ZE LL21,867
7928,Blue dCi,868
7929,dCi,868
7930,Dynamique S,868
7931,Dynamique S Nav,868
7932,GT Line,868
7933,Iconic,868
7934,Privilege,868
7935,Signature Nav,868
7936,dCi,869
7937,Dynamique,869
7938,Dynamique S,869
7939,Dynamique S TomTom,869
7940,Dynamique TomTom,869
7941,eco2,869
7942,Expression,869
7943,GT,869
7944,GT Line TomTom,869
7945,Initiale,869
7946,Privilege,869
7947,T,869
7948,TomTom Edition,869
7949,V6,869
7950,Business,870
7951,Business+,870
7952,dCi 30,870
7953,dCi 33,870
7954,dCi 35,870
7955,dCi ENERGY 35,870
7956,Bizu,871
7957,Blue dCi,871
7958,dCi,871
7959,dCi ENERGY,871
7960,Dynamique,871
7961,Dynamique Nav,871
7962,Dynamique S,871
7963,Dynamique S Nav,871
7964,Dynamique TomTom,871
7965,e,871
7966,E-TECH,871
7967,Expression,871
7968,Expression +,871
7969,Extreme,871
7970,FAP,871
7971,Floride,871
7972,Generation,871
7973,GT,871
7974,GT Line,871
7975,GT Line Nav,871
7976,GT Line TomTom,871
7977,GT Nav,871
7978,I-Music,871
7979,Iconic,871
7980,Knight Edition,871
7981,Limited,871
7982,Limited Nav,871
7983,Monaco GP,871
7984,Oasis,871
7985,Play,871
7986,Privilege,871
7987,Privilege TomTom,871
7988,Pzaz,871
7989,R.S.280,871
7990,R.S.300,871
7991,R.S.300 Trophy,871
7992,R.S.300 Trophy-R,871
7993,Renaultsport,871
7994,Renaultsport Cup,871
7995,Renaultsport Cup Chassis + Recaro,871
7996,Renaultsport CUP-S,871
7997,Renaultsport Nav,871
7998,Renaultsport Trophy,871
7999,Renaultsport Trophy-R,871
8000,RS Line,871
8001,RT,871
8002,Signature Nav,871
8003,T,871
8004,TCe,871
8005,TCe ENERGY,871
8006,Team,871
8007,Tech Run,871
8008,VVT,871
8009,comfort range,872
8010,equilibre,872
8011,evolution,872
8012,iconic,872
8013,launch edition,872
8014,techno,872
8015,techno+,872
8016,dCi,873
8017,Dynamique,873
8018,Dynamique S,873
8019,Expression,873
8020,Maxim,873
8021,Oasis,873
8022,Privilege,873
8023,TCe,873
8024,VVT,873
8025,atelier Alpine,874
8026,E-TECH,874
8027,iconic esprit Alpine,874
8028,techno esprit Alpine,874
8029,Alize,875
8030,Blue dCi,875
8031,Conquest,875
8032,dCi,875
8033,dCi ENERGY,875
8034,Dynamique,875
8035,Dynamique +,875
8036,Dynamique Nav,875
8037,Dynamique S,875
8038,Dynamique S Nav,875
8039,Dynamique TomTom,875
8040,Expression,875
8041,Extreme,875
8042,h dCi,875
8043,I-Music,875
8044,Iconic,875
8045,Limited,875
8046,Oasis,875
8047,Play,875
8048,Privilege,875
8049,Privilege Monaco,875
8050,Privilege TomTom,875
8051,Signature,875
8052,Signature Nav,875
8053,TCe,875
8054,TCe ENERGY,875
8055,VVT,875
8056,comfort range,876
8057,esprit Alpine,876
8058,iconic,876
8059,long range,876
8060,techno,876
8061,dCi,877
8062,dCi ENERGY,877
8063,Dynamique TomTom,877
8064,Expression +,877
8065,TCe ENERGY,877
8066,VVT,877
8067,E-TECH,878
8068,iconic esprit Alpine,878
8069,techno,878
8070,techno esprit Alpine,878
8071,Advance,879
8072,Business,879
8073,Business+,879
8074,dCi 27,879
8075,dCi 28,879
8076,dCi 29,879
8077,dCi 30,879
8078,dCi Blue 30,879
8079,dCi ENERGY 27,879
8080,dCi ENERGY 28,879
8081,dCi ENERGY 29,879
8082,dCi ENERGY 30,879
8083,dCi LL29,879
8084,dCi SL27,879
8085,Extra,879
8086,Extra Sport,879
8087,LL29 Phase 3,879
8088,LL29 Sport,879
8089,SL27 Sport,879
8090,SL27 Sport Phase 3,879
8091,Sport,879
8092,Sport Nav,879
8093,Sport+,879
8094,Start,879
8095,TD dCi,879
8096,Bizu,880
8097,Dynamique,880
8098,Dynamique S,880
8099,Expression,880
8100,Extreme,880
8101,Freeway,880
8102,Gordini,880
8103,GT,880
8104,I-Music,880
8105,Iconic,880
8106,Play,880
8107,Pzaz,880
8108,Renaultsport,880
8109,SCe,880
8110,TCe,880
8111,TCe ENERGY,880
8112,The Color Run,880
8113,VVT,880
8114,Colour,881
8115,Dynamique,881
8116,Urban,881
8117,Collection,882
8118,Dynamique,882
8119,Dynamique S,882
8120,Gordini,882
8121,GT Line,882
8122,TCe,882
8123,VVT,882
8124,Business,883
8125,Business+,883
8126,Dynamique,883
8127,Dynamique Intens,883
8128,Dynamique Nav,883
8129,Dynamique Zen,883
8130,EV50,883
8131,Expression,883
8132,Expression Nav,883
8133,GT,883
8134,GT Edition,883
8135,GT Line,883
8136,GT Line +,883
8137,Iconic,883
8138,Play,883
8139,Q90,883
8140,R110,883
8141,R135,883
8142,R90,883
8143,Riviera,883
8144,S Edition,883
8145,SE,883
8146,Signature Nav,883
8147,Techno,883
8148,II,884
8149,III,884
8150,Black Badge,885
8151,V12,885
8152,Black Badge,886
8153,V12,886
8154,Black Badge,887
8155,V12,887
8156,Black Badge,888
8157,V12,888
8158,V12,889
8159,II,890
8160,II,891
8161,III,891
8162,II,892
8163,III,892
8164,Black Badge,893
8165,V12,893
8166,214,894
8167,216,894
8168,Si,894
8169,Classic SE,895
8170,Club SE,895
8171,GSi,895
8172,iL,895
8173,TD,895
8174,CDT,896
8175,CDTi,896
8176,Classic,896
8177,Classic SE,896
8178,Club SE,896
8179,Connoisseur,896
8180,Connoisseur SE,896
8181,Contemporary SE,896
8182,T,896
8183,V6,896
8184,V8,896
8185,111,897
8186,114,897
8187,Ascot SE,897
8188,GTa,897
8189,Kensington SE,897
8190,iL,898
8191,416,899
8192,GSi,899
8193,618,900
8194,620,900
8195,iL,900
8196,Si,900
8197,SLi,900
8198,CDT,901
8199,CDTi,901
8200,Club SE,901
8201,Connoisseur SE,901
8202,SE,902
8203,L,903
8204,Li,903
8205,35,904
8206,40,904
8207,City,904
8208,Cooper,904
8209,Cooper S,904
8210,Cooper Sport,904
8211,Cooper Sports,904
8212,Equinox,904
8213,i,904
8214,Italian Job,904
8215,Mayfair,904
8216,Neon,904
8217,Paul Smith,904
8218,Seven,904
8219,Sidewalk,904
8220,Sprite,904
8221,Thirty,904
8222,2000,905
8223,2200,905
8224,3500,905
8225,SC,905
8226,GL,906
8227,i,906
8228,S,906
8229,SE,906
8230,Turbo,906
8231,XS,906
8232,Aero,907
8233,Aero Anniversary,907
8234,Aero Carlsson,907
8235,Airflow,907
8236,Arc,907
8237,Cerulean Aero,907
8238,Cerulean Vector,907
8239,i,907
8240,Jet,907
8241,Linear,907
8242,Linear Anniversary,907
8243,Linear SE,907
8244,Linear Sport,907
8245,SE,907
8246,T,907
8247,T BioPower,907
8248,TiD,907
8249,TTiD,907
8250,Turbo,907
8251,Turbo Edition,907
8252,Turbo X,907
8253,V6,907
8254,Vector,907
8255,Vector Anniversary,907
8256,Vector Sport,907
8257,Vector Sport Anniversary,907
8258,Viggen,907
8259,Aero,908
8260,Linear,908
8261,Linear SE,908
8262,Linear Sport,908
8263,T,908
8264,T V6,908
8265,TiD,908
8266,TTiD,908
8267,Turbo Edition,908
8268,Vector,908
8269,Vector SE,908
8270,Vector Sport,908
8271,Connect,909
8272,Ecomotive,909
8273,FR Line,909
8274,I TECH,909
8275,Reference,909
8276,S,909
8277,SE,909
8278,SE L,909
8279,SE Lux,909
8280,Stylance,909
8281,Style Advanced,909
8282,TDI,909
8283,TSI,909
8284,XCELLENCE,909
8285,Ecomotive,910
8286,FR,910
8287,I TECH,910
8288,Reference,910
8289,Reference Sport,910
8290,S,910
8291,S Emocion,910
8292,SE,910
8293,SE Copa,910
8294,Sport,910
8295,Stylance,910
8296,TDI,910
8297,Ecomotive,911
8298,I TECH,911
8299,S,911
8300,SE,911
8301,SE Copa,911
8302,Stylance,911
8303,TDI,911
8304,TSI,911
8305,FR,912
8306,FR Black Edition,912
8307,FR Edition,912
8308,FR Limited Edition,912
8309,FR Red Edition,912
8310,FR Sport,912
8311,S,912
8312,SE,912
8313,SE Edition,912
8314,SE Technology,912
8315,SE Technology Lux,912
8316,TDI,912
8317,TSI,912
8318,TSI EVO,912
8319,XCELLENCE,912
8320,XCELLENCE Lux,912
8321,XPERIENCE,912
8322,XPERIENCE Lux,912
8323,S,913
8324,Ecomotive,914
8325,EcoTSI,914
8326,First Edition,914
8327,FR,914
8328,FR Black Edition,914
8329,FR Edition,914
8330,FR Sport,914
8331,S,914
8332,SE,914
8333,SE L,914
8334,SE Technology,914
8335,TDI,914
8336,TSI,914
8337,TSI EVO,914
8338,XCELLENCE,914
8339,XCELLENCE Lux,914
8340,XPERIENCE,914
8341,XPERIENCE Edition,914
8342,XPERIENCE Lux,914
8343,TSI,915
8344,Ecomotive,916
8345,S,916
8346,SE,916
8347,SE Tech,916
8348,Sport,916
8349,Sport Tech,916
8350,TDI,916
8351,TSI,916
8352,30 Years,917
8353,ACT,917
8354,Anniversary Limited Edition,917
8355,Bocanegra,917
8356,Chill,917
8357,Connect,917
8358,Cupra,917
8359,Cupra Black,917
8360,Cupra Bocanegra,917
8361,Ecomotive,917
8362,EcoTSI,917
8363,Formula Sport,917
8364,FR,917
8365,FR Black,917
8366,FR Black Edition,917
8367,FR Edition,917
8368,FR Red Edition,917
8369,FR Sport,917
8370,FR Technology,917
8371,Freerider,917
8372,Good Stuff,917
8373,I TECH,917
8374,MPI,917
8375,Reference,917
8376,Reference Sport,917
8377,S,917
8378,S Copa,917
8379,SE,917
8380,SE Copa,917
8381,SE Design,917
8382,SE Edition,917
8383,SE Technology,917
8384,SOL,917
8385,Sport,917
8386,Sportrider,917
8387,Stylance,917
8388,TDI,917
8389,Toca,917
8390,TSI,917
8391,TSI EVO,917
8392,Turbo,917
8393,Vista,917
8394,XCELLENCE,917
8395,XCELLENCE Lux,917
8396,ACT,918
8397,Cupra,918
8398,Cupra 280,918
8399,Cupra 290,918
8400,Cupra 290 Black,918
8401,Cupra 290 Lux,918
8402,Cupra 300,918
8403,Cupra 300 Carbon Edition,918
8404,Cupra 300 Lux,918
8405,Cupra K1,918
8406,Cupra R,918
8407,Cupra R ST,918
8408,Ecomotive,918
8409,Ecomotive S,918
8410,Ecomotive SE,918
8411,EcoTSI,918
8412,eHybrid,918
8413,Emocion,918
8414,Essence,918
8415,eTSI,918
8416,FR,918
8417,FR Black Edition,918
8418,FR Black Technology,918
8419,FR First Edition,918
8420,FR Sport,918
8421,FR Technology,918
8422,FR Titanium,918
8423,FR Titanium Technology,918
8424,FR+,918
8425,FR+ Supercopa,918
8426,FSI,918
8427,MHEV,918
8428,Reference,918
8429,Reference Sport,918
8430,S,918
8431,S Copa,918
8432,S Emocion,918
8433,SE,918
8434,SE Copa,918
8435,SE Dynamic,918
8436,SE Dynamic Technology,918
8437,SE Special Edition,918
8438,SE Technology,918
8439,Sport,918
8440,Stylance,918
8441,SX,918
8442,TDI,918
8443,TDI EVO,918
8444,TFSI,918
8445,TSI,918
8446,TSI EVO,918
8447,X-PERIENCE SE Technology,918
8448,XCELLENCE,918
8449,XCELLENCE Lux,918
8450,XCELLENCE Technology,918
8451,by MANGO,919
8452,Design Mii,919
8453,ECO,919
8454,Ecomotive,919
8455,FR Line,919
8456,I TECH,919
8457,Mii by Cosmopolitan,919
8458,S,919
8459,S AC,919
8460,SE,919
8461,SE Technology,919
8462,Sport,919
8463,Toca,919
8464,EcoTSI,920
8465,EcoTSI EVO,920
8466,FR,920
8467,FR Sport,920
8468,SE,920
8469,SE First Edition,920
8470,SE Technology,920
8471,TDI,920
8472,TSI,920
8473,TSI EVO,920
8474,XCELLENCE,920
8475,XCELLENCE First Edition,920
8476,XCELLENCE First Edition Plus,920
8477,XCELLENCE Lux,920
8478,XPERIENCE Lux,920
8479,Ecomotive,921
8480,Reference,921
8481,S,921
8482,SE,921
8483,Sport,921
8484,Style,921
8485,Style Advanced,921
8486,TDI,921
8487,TSI,921
8488,Turbo,921
8489,XCELLENCE,921
8490,Black Edition,922
8491,Colour Edition,922
8492,Elegance,922
8493,GreenTech,922
8494,iV,922
8495,Monte Carlo,922
8496,MPI,922
8497,S,922
8498,SE,922
8499,SE L,922
8500,Sport,922
8501,50 SE,923
8502,60 Edition,923
8503,60 SportLine,923
8504,85 Edition,923
8505,85 SportLine,923
8506,50,924
8507,60,924
8508,80,924
8509,85,924
8510,50 Edition,924
8511,60 Edition,924
8512,60 Nav ecoSuite,924
8513,60 Nav Lodge,924
8514,60 Nav Loft,924
8515,60 Nav Suite,924
8516,80 ecoSuite,924
8517,80 Founders Edition,924
8518,80 Lodge,924
8519,80 Loft,924
8520,80 Lounge,924
8521,80 SportLine,924
8522,80 SportLine Plus,924
8523,80 Suite,924
8524,80x SportLine,924
8525,80x SportLine Plus,924
8526,85 Edition,924
8527,85 Laurin & Klement,924
8528,85 SportLine Plus,924
8529,85x SportLine,924
8530,85x SportLine Plus,924
8531,vRS,924
8532,1,925
8533,2,925
8534,3,925
8535,Ambiente,925
8536,Black Edition,925
8537,Blackline,925
8538,Classic,925
8539,Colour Edition,925
8540,Comfort,925
8541,Design Edition,925
8542,Elegance,925
8543,GreenLine,925
8544,GreenLine II,925
8545,HTP,925
8546,Monte Carlo,925
8547,Monte Carlo Edition,925
8548,Monte Carlo TECH,925
8549,MPI,925
8550,Reaction,925
8551,RedLine,925
8552,S,925
8553,Scout,925
8554,SE,925
8555,SE Comfort,925
8556,SE Drive,925
8557,SE Edition,925
8558,SE L,925
8559,SE L Edition,925
8560,SE Plus,925
8561,Sport,925
8562,TDI,925
8563,TSI,925
8564,vRS,925
8565,vRS S2000,925
8566,ACT,926
8567,Design Edition,926
8568,Monte Carlo,926
8569,Monte Carlo Edition,926
8570,S,926
8571,SE,926
8572,SE Drive,926
8573,SE Edition,926
8574,SE L,926
8575,SE L Edition,926
8576,SE L Executive,926
8577,TDI,926
8578,TSI,926
8579,ACT,927
8580,Edition,927
8581,Scout,927
8582,SE,927
8583,SE Drive,927
8584,SE Edition,927
8585,SE L,927
8586,SE L Edition,927
8587,SE Nav Plus,927
8588,SE Technology,927
8589,SportLine,927
8590,SportLine Edition,927
8591,TDI,927
8592,TSI,927
8593,ACT,928
8594,BiTDI,928
8595,e-TEC MHEV,928
8596,Edition,928
8597,Laurin & Klement,928
8598,Scout,928
8599,SE,928
8600,SE Drive,928
8601,SE L,928
8602,SE L Executive,928
8603,SE Technology,928
8604,SportLine,928
8605,TDI,928
8606,TSI,928
8607,TSI iV,928
8608,vRS,928
8609,ACT,929
8610,Ambiente,929
8611,Black Edition,929
8612,Classic,929
8613,Elegance,929
8614,First Edition,929
8615,FSI,929
8616,GreenLine,929
8617,GreenLine II,929
8618,GreenLine III,929
8619,Laurin & Klement,929
8620,MHEV,929
8621,MHEV ACT,929
8622,MPI,929
8623,S,929
8624,Scout,929
8625,SCR,929
8626,SE,929
8627,SE Business,929
8628,SE Business GreenLine III,929
8629,SE Drive,929
8630,SE First Edition,929
8631,SE L,929
8632,SE L First Edition,929
8633,SE Plus,929
8634,SE Sport,929
8635,SE Technology,929
8636,SportLine,929
8637,T,929
8638,TDI,929
8639,TFSI,929
8640,TSI,929
8641,TSI e-TEC,929
8642,TSI iV,929
8643,vRS,929
8644,vRS 230,929
8645,vRS Blackline,929
8646,vRS Challenge,929
8647,vRS Limited Edition,929
8648,Black Edition,930
8649,Elegance,930
8650,GreenLine,930
8651,GreenTech,930
8652,S,930
8653,SE,930
8654,SE Connect,930
8655,SE L,930
8656,Sport,930
8657,TDI,930
8658,TSI,930
8659,Black Edition,931
8660,Elegance,931
8661,GreenLine,931
8662,S,931
8663,SE,931
8664,SE Sport,931
8665,SE Tech,931
8666,TDI,931
8667,TSI,931
8668,1,932
8669,2,932
8670,3,932
8671,GreenLine II,932
8672,S,932
8673,Scout,932
8674,SE,932
8675,SE Action,932
8676,SE Plus,932
8677,Special Edition,932
8678,TDI,932
8679,TSI,932
8680,Monte Carlo,933
8681,Monte Carlo Edition,933
8682,S,933
8683,SE,933
8684,SE Edition,933
8685,SE L,933
8686,SE L Edition,933
8687,SE Technology,933
8688,TDI,933
8689,TSI,933
8690,ACT,934
8691,Black Edition,934
8692,Comfort,934
8693,e-TEC MHEV,934
8694,Elegance,934
8695,Elegance GreenLine II,934
8696,Elegance GreenLine III,934
8697,GreenLine,934
8698,Laurin & Klement,934
8699,Outdoor,934
8700,S,934
8701,S GreenLine II,934
8702,SE,934
8703,SE Business,934
8704,SE GreenLine II,934
8705,SE GreenLine III,934
8706,SE L,934
8707,SE L Executive,934
8708,SE Plus,934
8709,SE Technology,934
8710,SportLine,934
8711,SportLine Plus,934
8712,T,934
8713,TDI,934
8714,TDI V6,934
8715,TFSI,934
8716,Tour de France,934
8717,TSI,934
8718,TSI iV,934
8719,V6,934
8720,Adventure,935
8721,Black Edition,935
8722,Elegance,935
8723,GreenLine II,935
8724,Laurin & Klement,935
8725,Monte Carlo,935
8726,S,935
8727,SE,935
8728,SE Business,935
8729,SE Drive,935
8730,SE L,935
8731,SE L Drive,935
8732,SE Plus,935
8733,TDI,935
8734,Tour de France,935
8735,TSI,935
8736,Urban,935
8737,Long Range,936
8738,Standard Range,936
8739,BRABUS,937
8740,Premium,937
8741,Pro,937
8742,Pro+,937
8743,Pure,937
8744,25th Anniversary Edition,938
8745,BRABUS,938
8746,Premium,938
8747,Pro,938
8748,Pro+,938
8749,BRABUS,939
8750,BRABUS Sport,939
8751,BRABUS Xclusive,939
8752,Coolstyle,939
8753,Edition 1,939
8754,Edition Black,939
8755,Edition White,939
8756,EQ,939
8757,Exclusive,939
8758,Passion,939
8759,Passion Advanced,939
8760,Premium,939
8761,Prime,939
8762,Prime Exclusive,939
8763,Prime Night Sky,939
8764,Prime Sport,939
8765,Prime Sport Night Sky,939
8766,Proxy,939
8767,Proxy Night Sky,939
8768,Pulse,939
8769,Pulse Premium,939
8770,Pure,939
8771,T,939
8772,Urbanshadow,939
8773,BRABUS,940
8774,BRABUS Line,940
8775,BRABUS Sport,940
8776,BRABUS Xclusive,940
8777,CDI,940
8778,City,940
8779,City BRABUS,940
8780,City Crossblade,940
8781,City I-Move,940
8782,City Nightrun,940
8783,City Passion,940
8784,City Pulse,940
8785,City Pure,940
8786,Cityflame,940
8787,Disturbing London Edition,940
8788,Edition 1,940
8789,Edition Black,940
8790,Edition Blue,940
8791,Edition Highstyle,940
8792,Edition Nightsky,940
8793,Edition White,940
8794,Edition21,940
8795,Electric Drive,940
8796,Exclusive,940
8797,Grandstyle,940
8798,Iceshine,940
8799,Limited Three,940
8800,MHD,940
8801,Passion,940
8802,Passion Advanced,940
8803,Premium,940
8804,Prime,940
8805,Prime Exclusive,940
8806,Prime Sport,940
8807,Proxy,940
8808,Pulse,940
8809,Pulse Premium,940
8810,Pure,940
8811,Racing Green Edition,940
8812,T,940
8813,Urbanshadow,940
8814,Brabus,941
8815,Finale Edition,941
8816,Light,941
8817,60th Anniversary Edition,942
8818,D,942
8819,ELX,942
8820,ELX4,942
8821,ES,942
8822,EX,942
8823,LE,942
8824,Pioneer,942
8825,S,942
8826,SE,942
8827,SE4,942
8828,SX,942
8829,Ultimate,942
8830,Ventura,942
8831,Ultimate,943
8832,Ventura,943
8833,D,944
8834,EX,944
8835,EXT,944
8836,SX,944
8837,SE,945
8838,SPR,945
8839,TD,945
8840,D,946
8841,EX,946
8842,Rebel,946
8843,Rhino,946
8844,Saracen,946
8845,Saracen Plus,946
8846,SE,946
8847,60th Anniversary Edition,947
8848,D,947
8849,e-XDi,947
8850,ELX,947
8851,EX,947
8852,SE,947
8853,SPR,947
8854,SX,947
8855,Ultimate,947
8856,Ultimate Plus,947
8857,Ventura,947
8858,D,948
8859,e-XDi,948
8860,ES,948
8861,S,948
8862,D,949
8863,e-XDi,949
8864,e-XGi,949
8865,ELX,949
8866,EX,949
8867,LE,949
8868,P,949
8869,SE,949
8870,Ultimate,949
8871,Ultimate Nav,949
8872,Ventura,949
8873,D,950
8874,e-XDi,950
8875,e-XGi,950
8876,ELX,950
8877,P,950
8878,Ultimate,950
8879,D,951
8880,e-XDi,951
8881,ELX,951
8882,ES,951
8883,EX,951
8884,SE,951
8885,i,952
8886,SE,952
8887,SE Lux,952
8888,i e-Boxer,953
8889,Limited,953
8890,Touring,953
8891,D,954
8892,Field,954
8893,i,954
8894,i e-Boxer,954
8895,Limited,954
8896,S,954
8897,Sport,954
8898,Touring,954
8899,X,954
8900,XC,954
8901,XC Premium,954
8902,XE,954
8903,XE Premium,954
8904,XEn,954
8905,XS,954
8906,XSn,954
8907,XT,954
8908,XTEn,954
8909,2000,955
8910,Catalunya,955
8911,GL,955
8912,GX,955
8913,i,955
8914,P1,955
8915,R,955
8916,R Sport,955
8917,RB5,955
8918,RC,955
8919,RX,955
8920,SE,955
8921,Series McRae,955
8922,Sport,955
8923,T,955
8924,Terzo,955
8925,Turbo,955
8926,WRX,955
8927,WRX S,955
8928,WRX ST,955
8929,WRX STI,955
8930,WRX STI 330S,955
8931,WRX STi Type UK,955
8932,WRX STI WR1,955
8933,R,956
8934,D,957
8935,ES,957
8936,i,957
8937,R,957
8938,R spec.B,957
8939,REn,957
8940,S,957
8941,SE,957
8942,GT,958
8943,i,958
8944,D,959
8945,Field,959
8946,i,959
8947,Limited,959
8948,R,959
8949,Rn,959
8950,S,959
8951,SE,959
8952,SE Premium,959
8953,SX,959
8954,Touring,959
8955,Touring X,959
8956,Limited,960
8957,Touring,960
8958,Final Edition,961
8959,T,961
8960,Type UK,961
8961,D,962
8962,i,962
8963,i e-Boxer,962
8964,S,962
8965,SE,962
8966,SE Lux Premium,962
8967,SE Premium,962
8968,GL,963
8969,Play,963
8970,SZ,963
8971,SZ2,963
8972,SZ3,963
8973,SZ4,963
8974,Boosterjet,964
8975,Dualjet,964
8976,Dualjet MHEV,964
8977,SZ-T,964
8978,SZ3,964
8979,SZ5,964
8980,City,965
8981,Dualjet,965
8982,SZ2,965
8983,SZ3,965
8984,SZ4,965
8985,DDiS,966
8986,Plus,966
8987,SE,966
8988,SZ-T,966
8989,SZ3,966
8990,SZ4,966
8991,SZ5,966
8992,TD,966
8993,VVT,966
8994,XEC,966
8995,XL-7,966
8996,Adventure,967
8997,Dualjet,967
8998,Dualjet MHEV,967
8999,GL,967
9000,Sport,967
9001,SZ-T,967
9002,SZ3,967
9003,SZ5,967
9004,VVT,967
9005,Adventure,968
9006,JLX,968
9007,JLX+,968
9008,Mode,968
9009,O2,968
9010,Special,968
9011,SZ3,968
9012,SZ4,968
9013,SZ5,968
9014,VVT,968
9015,Sport,969
9016,GL,970
9017,GLX,970
9018,Boosterjet MHEV,971
9019,h,971
9020,Motion,971
9021,Ultra,971
9022,GLS,972
9023,GLS +,972
9024,SZ2,972
9025,SZ3,972
9026,SZ4,972
9027,h,973
9028,Motion,973
9029,SZ-T,973
9030,SZ5,973
9031,Ultra,973
9032,Attitude,974
9033,Boosterjet,974
9034,Boosterjet MHEV,974
9035,DDiS,974
9036,Dualjet,974
9037,Dualjet MHEV,974
9038,GC,974
9039,GL,974
9040,GLX,974
9041,MHEV,974
9042,Motion,974
9043,Sport,974
9044,Sport SZ-R,974
9045,SZ-L,974
9046,SZ-T,974
9047,SZ2,974
9048,SZ3,974
9049,SZ4,974
9050,SZ5,974
9051,TD,974
9052,Ultra,974
9053,VVT,974
9054,Aerio,975
9055,DDiS,975
9056,GL,975
9057,GLX,975
9058,SZ-L,975
9059,SZ3,975
9060,SZ4,975
9061,SZ5,975
9062,X-EC,975
9063,Boosterjet,976
9064,Boosterjet MHEV,976
9065,DDiS,976
9066,SZ-T,976
9067,SZ3,976
9068,SZ4,976
9069,SZ5,976
9070,Boosterjet,977
9071,Boosterjet MHEV,977
9072,DDiS,977
9073,Go,977
9074,Kuro,977
9075,Motion,977
9076,S,977
9077,SZ-T,977
9078,SZ4,977
9079,SZ5,977
9080,Ultra,977
9081,GL,978
9082,GL (R+),978
9083,GL S-Limited (R+),978
9084,Special (R+),978
9085,Long Range,979
9086,Performance,979
9087,RWD,979
9088,STANDARD PLUS,979
9089,Standard Range Plus,979
9090,60,980
9091,70,980
9092,75,980
9093,85,980
9094,100D,980
9095,60D,980
9096,70D,980
9097,75D,980
9098,85D,980
9099,90D,980
9100,Executive Edition,980
9101,Long Range,980
9102,Long Range Plus,980
9103,P100DL,980
9104,P85,980
9105,P85D,980
9106,P90D,980
9107,Performance,980
9108,Performance Ludicrous,980
9109,Standard Range,980
9110,100D,981
9111,60D,981
9112,75D,981
9113,90D,981
9114,Executive Edition,981
9115,Long Range,981
9116,Long Range Plus,981
9117,P100DL,981
9118,P90D,981
9119,Performance,981
9120,Plaid,981
9121,Standard Range,981
9122,AWD,982
9123,AWD LONG RANGE,982
9124,Long Range,982
9125,Performance,982
9126,RWD,982
9127,RWD LONG RANGE,982
9128,Sport,983
9129,Active,984
9130,Business Edition,984
9131,Colour Collection,984
9132,D-4D,984
9133,Design,984
9134,Dual VVT-i,984
9135,Edition,984
9136,Excel,984
9137,GB25,984
9138,Icon,984
9139,Icon Plus,984
9140,Icon Tech,984
9141,Icon+,984
9142,Limited Edition,984
9143,Sport,984
9144,SR,984
9145,T Spirit,984
9146,T180,984
9147,T2,984
9148,T3,984
9149,T4,984
9150,TR,984
9151,V-Matic,984
9152,VVT-h,984
9153,VVT-i,984
9154,Active,985
9155,Business Edition,985
9156,Business Edition Plus,985
9157,CDX,985
9158,Colour Collection,985
9159,D-4D,985
9160,D-CAT,985
9161,Design,985
9162,Excel,985
9163,GS,985
9164,Icon,985
9165,Icon Business Edition,985
9166,Icon Plus,985
9167,T Spirit,985
9168,T180,985
9169,T2,985
9170,T3-S,985
9171,T3-X,985
9172,T4,985
9173,TR,985
9174,V-Matic,985
9175,Vermont,985
9176,VVT-i,985
9177,GLS,986
9178,T Spirit,986
9179,VVT-i,986
9180,Black,987
9181,Blue,987
9182,Fire,987
9183,Go,987
9184,Ice,987
9185,JBL Edition,987
9186,Mode,987
9187,Move,987
9188,Platinum,987
9189,Plus,987
9190,Sport,987
9191,VVT-i,987
9192,x,987
9193,x-cite,987
9194,x-cite 3,987
9195,x-cite 4,987
9196,x-claim,987
9197,x-clusiv,987
9198,x-clusiv 2,987
9199,x-clusiv3,987
9200,x-play,987
9201,x-plore,987
9202,x-press,987
9203,x-pression,987
9204,x-pure,987
9205,x-style,987
9206,x-trend,987
9207,Air Edition,988
9208,Edge,988
9209,Exclusive,988
9210,JBL,988
9211,Limited Edition,988
9212,Pure,988
9213,Undercover,988
9214,VVT-i,988
9215,Motion,989
9216,Premiere Edition,989
9217,Pure,989
9218,Vision,989
9219,Design,990
9220,Dynamic,990
9221,Dynamic Limited Edition,990
9222,Excel,990
9223,GR SPORT,990
9224,Icon,990
9225,Lime Edition,990
9226,Orange Edition,990
9227,Premiere Edition,990
9228,Red Edition,990
9229,VVT-h,990
9230,VVT-i,990
9231,CDX,991
9232,Design,991
9233,Excel,991
9234,GLS,991
9235,V6,991
9236,VVT-h,991
9237,VVT-i,991
9238,CD,992
9239,GLi,992
9240,Celica Red,993
9241,GT,993
9242,GT Four,993
9243,ST,993
9244,T Sport,993
9245,VVT-i,993
9246,VVTL-i,993
9247,Colour Collection,994
9248,D-4D,994
9249,Design,994
9250,Excel,994
9251,Executive,994
9252,GL,994
9253,GLS,994
9254,GR SPORT,994
9255,GS,994
9256,GT,994
9257,Icon,994
9258,Icon Tech,994
9259,SR,994
9260,T Spirit,994
9261,T Sport,994
9262,T2,994
9263,T3,994
9264,TD,994
9265,Trek,994
9266,Trek Special Edition,994
9267,Vida,994
9268,VVT-h,994
9269,VVT-i,994
9270,VVTL-i,994
9271,D-4D,995
9272,SR,995
9273,T Spirit,995
9274,T180,995
9275,T2,995
9276,T3,995
9277,TR,995
9278,VVT-i,995
9279,Super,996
9280,Boxer D-4S,997
9281,Aero,998
9282,Blanco,998
9283,Boxer D-4S,998
9284,Club Series Blue Edition,998
9285,Club Series Orange Edition,998
9286,Giallo,998
9287,Pro,998
9288,TRD,998
9289,300 GS-Xtra,999
9290,Excel,1000
9291,Excel Premium,1000
9292,VVT-h,1000
9293,270 VX,1001
9294,280 EX,1001
9295,280 VX,1001
9296,4X2,1001
9297,Active,1001
9298,Active Narrow Body,1001
9299,D,1001
9300,D-4D,1001
9301,D-4D-h,1001
9302,EX,1001
9303,GR SPORT,1001
9304,GR SPORT II,1001
9305,HL2,1001
9306,HL3,1001
9307,Icon,1001
9308,Invincible,1001
9309,Invincible 50,1001
9310,Invincible X,1001
9311,2,1002
9312,3,1002
9313,Dual VVT-i,1002
9314,VVT-i,1002
9315,60th Anniversary,1003
9316,Active,1003
9317,D,1003
9318,D-4D,1003
9319,D-4D V8,1003
9320,First Edition,1003
9321,GS,1003
9322,Icon,1003
9323,II,1003
9324,Invincible,1003
9325,Invincible X,1003
9326,LC3,1003
9327,LC4,1003
9328,LC5,1003
9329,Premium Audio,1003
9330,TD,1003
9331,VX,1003
9332,Anniversary,1004
9333,GX,1004
9334,TD,1004
9335,VX,1004
9336,D-4D,1005
9337,GX,1005
9338,TD,1005
9339,VX,1005
9340,Fuel Cell,1006
9341,GT,1007
9342,GT T-Bar,1007
9343,Roadster,1007
9344,T Bar,1007
9345,VVT-i,1007
9346,D-4D,1008
9347,GLS,1008
9348,GS,1008
9349,T Spirit,1008
9350,T3,1008
9351,VVT-i,1008
9352,Active,1009
9353,Business Edition,1009
9354,Business Edition Plus,1009
9355,Design,1009
9356,Excel,1009
9357,T Spirit,1009
9358,T Spirit 10th Anniversary,1009
9359,T3,1009
9360,T4,1009
9361,VVT-h,1009
9362,Excel,1010
9363,Excel Plus,1010
9364,Icon,1010
9365,T Spirit,1010
9366,T4,1010
9367,VVT-h,1010
9368,D,1011
9369,Design,1011
9370,Icon,1011
9371,Icon Premium,1011
9372,Design,1012
9373,Family,1012
9374,Shuttle,1012
9375,D,1013
9376,Design,1013
9377,Family,1013
9378,Icon,1013
9379,Shuttle,1013
9380,Active,1014
9381,Adventure,1014
9382,Black Edition,1014
9383,Business Edition,1014
9384,Business Edition Plus,1014
9385,D-4D,1014
9386,D-CAT,1014
9387,Design,1014
9388,Dynamic,1014
9389,Excel,1014
9390,Freesport,1014
9391,GR SPORT,1014
9392,Granite,1014
9393,GX,1014
9394,GXS,1014
9395,Icon,1014
9396,Icon Tech,1014
9397,Invincible,1014
9398,NRG,1014
9399,NV,1014
9400,SR,1014
9401,T180,1014
9402,V-Matic,1014
9403,VVT-h,1014
9404,VVT-i,1014
9405,VX,1014
9406,XT-R,1014
9407,XT3,1014
9408,XT4,1014
9409,XT5,1014
9410,GLS,1015
9411,i,1015
9412,Sportif,1015
9413,GR,1016
9414,GR A90,1016
9415,GR Fuji Speedway Edition,1016
9416,GR Pro,1016
9417,GR Special Edition,1016
9418,T,1016
9419,Turbo,1016
9420,D-4D,1017
9421,Dual VVT-i,1017
9422,Active,1018
9423,D-4D,1018
9424,D-CAT,1018
9425,Design,1018
9426,Excel,1018
9427,Icon,1018
9428,T Spirit,1018
9429,T2,1018
9430,TR,1018
9431,Trend,1018
9432,Trend Plus,1018
9433,V-Matic,1018
9434,Dual VVT-i,1019
9435,T Spirit,1019
9436,TR,1019
9437,Active,1020
9438,Blue,1020
9439,CDX,1020
9440,Colour Collection,1020
9441,D-4D,1020
9442,Design,1020
9443,Dual VVT-i,1020
9444,Dynamic,1020
9445,Edition,1020
9446,Excel,1020
9447,GLS,1020
9448,GR,1020
9449,GR Circuit,1020
9450,GR Convenience,1020
9451,GR Special Edition Ogier,1020
9452,GR SPORT,1020
9453,GRMN,1020
9454,GS,1020
9455,Icon,1020
9456,Icon Plus,1020
9457,Icon Tech,1020
9458,Ion,1020
9459,Launch Edition,1020
9460,Orange Edition,1020
9461,Premiere Edition,1020
9462,S,1020
9463,Sport,1020
9464,SR,1020
9465,T,1020
9466,T Spirit,1020
9467,T Sport,1020
9468,T2,1020
9469,T3,1020
9470,T4,1020
9471,TR,1020
9472,Trend,1020
9473,VVTh,1020
9474,VVTi,1020
9475,Y20,1020
9476,Y20 Bi-tone,1020
9477,Zinc,1020
9478,Design,1021
9479,Dynamic,1021
9480,Excel,1021
9481,GR SPORT,1021
9482,Icon,1021
9483,Premiere Edition,1021
9484,VVT-h,1021
9485,D-4D,1022
9486,T Spirit,1022
9487,T3,1022
9488,Verso,1022
9489,Verso GLS,1022
9490,Verso GS,1022
9491,VVTi,1022
9492,HL,1023
9493,Sprint,1023
9494,Speed Six,1024
9495,HC,1025
9496,500,1026
9497,C,1027
9498,S,1028
9499,Black Edition,1029
9500,ecoFLEX,1029
9501,ecoTEC,1029
9502,ENERGISED,1029
9503,ENERGISED Black Jack,1029
9504,GLAM,1029
9505,GRAND SLAM,1029
9506,Griffin,1029
9507,i,1029
9508,i Turbo,1029
9509,JAM,1029
9510,ROCKS,1029
9511,ROCKS AIR,1029
9512,S,1029
9513,SLAM,1029
9514,White Edition,1029
9515,CDTi,1030
9516,Club,1030
9517,Design,1030
9518,ecoFLEX,1030
9519,Enjoy,1030
9520,Expression,1030
9521,i,1030
9522,S,1030
9523,SE,1030
9524,VVT,1030
9525,Electron,1031
9526,Positiv,1031
9527,CDTi,1032
9528,Diamond,1032
9529,E,1032
9530,Exclusiv,1032
9531,S,1032
9532,SE,1032
9533,Active,1033
9534,Active Limited Edition,1033
9535,Active Plus,1033
9536,Air,1033
9537,BlueInjection,1033
9538,Breeze,1033
9539,Breeze Plus,1033
9540,Business Edition Nav,1033
9541,CDTi,1033
9542,CDTi BiTurbo,1033
9543,Club,1033
9544,Design,1033
9545,ecoFLEX,1033
9546,ecoTEC,1033
9547,ecoTEC BlueInjection,1033
9548,Edition 100,1033
9549,Elegance,1033
9550,Elite,1033
9551,Elite Nav,1033
9552,Elite Nav Premium,1033
9553,Energy,1033
9554,Enjoy,1033
9555,Envoy,1033
9556,ES,1033
9557,Excite,1033
9558,Exclusiv,1033
9559,GL,1033
9560,Griffin,1033
9561,Griffin Edition,1033
9562,GS,1033
9563,GS Line,1033
9564,GSe,1033
9565,GTE,1033
9566,i,1033
9567,i Turbo,1033
9568,Life,1033
9569,Limited Edition,1033
9570,LS,1033
9571,Merit,1033
9572,PiH,1033
9573,SE,1033
9574,Sport,1033
9575,SRi,1033
9576,SRi Nav,1033
9577,SRi VX Line,1033
9578,SRi VX Line Nav,1033
9579,SXi,1033
9580,T,1033
9581,Tech Line,1033
9582,Tech Line GT,1033
9583,Tech Line Nav,1033
9584,Turbo,1033
9585,Turbo D,1033
9586,TwinAir,1033
9587,Ultimate,1033
9588,Ultimate Nav,1033
9589,VVT,1033
9590,VXR,1033
9591,Design,1034
9592,Griffin,1034
9593,GS,1034
9594,Ultimate,1034
9595,CDTi,1035
9596,ecoFLEX,1035
9597,ecoTEC,1035
9598,i Turbo,1035
9599,Limited Edition,1035
9600,Sport,1035
9601,SRi,1035
9602,T,1035
9603,VXR,1035
9604,CDTi,1036
9605,Club,1036
9606,DTi,1036
9607,ecoFLEX,1036
9608,LS,1036
9609,Sportive,1036
9610,Sportive SE,1036
9611,i,1037
9612,i V6,1037
9613,SE,1037
9614,GSi,1038
9615,i,1038
9616,CDTi,1039
9617,ecoFLEX,1039
9618,ecoTEC,1039
9619,i Turbo,1039
9620,Limited Edition,1039
9621,Sport,1039
9622,SRi,1039
9623,T,1039
9624,VXR,1039
9625,CD,1040
9626,i,1040
9627,L,1040
9628,2000 CDTi,1041
9629,2300 CDTi,1041
9630,Dynamic,1041
9631,Edition,1041
9632,Prime,1041
9633,Sportive,1041
9634,Turbo D 2300,1041
9635,2300,1042
9636,Dynamic,1042
9637,Prime,1042
9638,BlueInjection,1043
9639,Design,1043
9640,Edition,1043
9641,Elite,1043
9642,Energy,1043
9643,SE,1043
9644,Turbo,1043
9645,Turbo D,1043
9646,Design,1044
9647,SE,1044
9648,Ultimate,1044
9649,Active,1045
9650,Active Plus,1045
9651,Black Edition,1045
9652,Breeze,1045
9653,CDTi,1045
9654,CDX,1045
9655,Club,1045
9656,Comfort,1045
9657,Design,1045
9658,Diamond,1045
9659,ecoFLEX,1045
9660,ecoTEC,1045
9661,Elegance,1045
9662,Elite,1045
9663,Elite Edition,1045
9664,Elite Nav,1045
9665,Elite Nav Premium,1045
9666,Energy,1045
9667,Excite,1045
9668,Exclusiv,1045
9669,GLS,1045
9670,Griffin,1045
9671,Griffin Edition,1045
9672,GS,1045
9673,GS Line,1045
9674,Hi-Torq,1045
9675,i,1045
9676,i Turbo,1045
9677,Life,1045
9678,Limited Edition,1045
9679,LS,1045
9680,MHEV,1045
9681,Premier,1045
9682,Red Edition,1045
9683,S,1045
9684,SE,1045
9685,SE Edition,1045
9686,SE Nav,1045
9687,SE Nav Premium,1045
9688,SE Premium,1045
9689,Sport,1045
9690,SRi,1045
9691,SRi Edition,1045
9692,SRi Nav,1045
9693,SRi Nav Premium,1045
9694,SRi Premium,1045
9695,SRi VX Line,1045
9696,SRi VX Line Nav Black,1045
9697,Sting,1045
9698,Sting R,1045
9699,SXi,1045
9700,SXi+,1045
9701,T,1045
9702,Turbo,1045
9703,Turbo D,1045
9704,Ultimate,1045
9705,Ultimate Nav,1045
9706,VVT,1045
9707,VXR,1045
9708,VXR Blue,1045
9709,VXR Clubsport,1045
9710,VXR Nurburgring,1045
9711,White Edition,1045
9712,Yes,1045
9713,Anniversary Edition,1046
9714,Design,1046
9715,Elite Nav,1046
9716,Elite Nav Premium,1046
9717,Elite Premium,1046
9718,Griffin,1046
9719,GS,1046
9720,GS Line,1046
9721,SE Nav,1046
9722,SE Nav Premium,1046
9723,SE Premium,1046
9724,SRi Nav Premium,1046
9725,SRi Premium,1046
9726,Ultimate,1046
9727,Yes,1046
9728,CDTi,1047
9729,ecoFLEX,1047
9730,Limited Edition Nav,1047
9731,Sportive,1047
9732,Design,1048
9733,Elite,1048
9734,Elite Edition,1048
9735,Elite Nav,1048
9736,Griffin,1048
9737,GS,1048
9738,GS Line,1048
9739,SE,1048
9740,SE Edition,1048
9741,SE Nav Premium,1048
9742,SRi Edition,1048
9743,SRi Nav,1048
9744,Turbo,1048
9745,Turbo D,1048
9746,Ultimate,1048
9747,Ultimate Nav,1048
9748,Business Edition Nav,1049
9749,ecoTEC,1049
9750,Elite,1049
9751,Elite Nav,1049
9752,Griffin,1049
9753,SE,1049
9754,SE Nav,1049
9755,Sport,1049
9756,Sport Nav Premium,1049
9757,SRi Nav,1049
9758,Tech Line Nav,1049
9759,Turbo,1049
9760,Turbo D,1049
9761,Ultimate,1049
9762,Design,1050
9763,GS,1050
9764,MHEV,1050
9765,Design,1051
9766,GS,1051
9767,Design,1052
9768,Elite,1052
9769,GS,1052
9770,GS Line,1052
9771,GSe,1052
9772,MHEV,1052
9773,SE,1052
9774,SRi,1052
9775,Turbo,1052
9776,Turbo D,1052
9777,Ultimate,1052
9778,Design,1053
9779,GS,1053
9780,Ultimate,1053
9781,BlueInjection,1054
9782,Business Edition Nav,1054
9783,Business Edition Nav Premium,1054
9784,Design Line,1054
9785,Elite Nav,1054
9786,Elite Nav Premium,1054
9787,Griffin,1054
9788,Griffin Edition,1054
9789,SE,1054
9790,SE Premium,1054
9791,Sport Nav,1054
9792,SRi Nav,1054
9793,Tech Line Nav,1054
9794,Turbo,1054
9795,Turbo D,1054
9796,Ultimate,1054
9797,Ultimate Nav,1054
9798,BiTurbo D,1055
9799,BlueInjection,1055
9800,CDTi,1055
9801,CDTi BiTurbo,1055
9802,Design,1055
9803,Design Nav,1055
9804,ecoFLEX,1055
9805,ecoTEC,1055
9806,ecoTEC BlueInjection,1055
9807,Elite,1055
9808,Elite Nav,1055
9809,Energy,1055
9810,ES,1055
9811,Exclusiv,1055
9812,Exclusiv Nav,1055
9813,GS Line,1055
9814,GSi,1055
9815,i,1055
9816,i Turbo,1055
9817,i Turbo V6,1055
9818,Limited Edition,1055
9819,Nav,1055
9820,SE,1055
9821,SE Edition,1055
9822,SE Nav,1055
9823,SRi,1055
9824,SRi Nav,1055
9825,SRi VX Line,1055
9826,SRi VX Line Nav,1055
9827,SRi VX line Red,1055
9828,SRi VX line Red Nav,1055
9829,T,1055
9830,T V6,1055
9831,Tech Line,1055
9832,Tech Line Nav,1055
9833,Turbo D,1055
9834,Ultimate Nav,1055
9835,VXR,1055
9836,VXR Nav,1055
9837,VXR SuperSport,1055
9838,VXR SuperSport Nav,1055
9839,i,1056
9840,Active,1057
9841,Active Limited Edition,1057
9842,Active Plus,1057
9843,Breeze,1057
9844,CDTi,1057
9845,Club,1057
9846,Design,1057
9847,ecoFLEX,1057
9848,Energy,1057
9849,Enjoy,1057
9850,Excite,1057
9851,Exclusiv,1057
9852,Exclusiv Limited Edition,1057
9853,i,1057
9854,i Turbo,1057
9855,Life,1057
9856,S,1057
9857,SE,1057
9858,T,1057
9859,Tech Line,1057
9860,Black,1058
9861,CDTi,1058
9862,Design,1058
9863,ecoFLEX,1058
9864,ecoTEC,1058
9865,Elite Edition,1058
9866,Elite Nav,1058
9867,Elite Nav Premium,1058
9868,Elite Premium,1058
9869,Exclusiv,1058
9870,Griffin,1058
9871,GS,1058
9872,GS Line,1058
9873,i,1058
9874,i Turbo,1058
9875,Launch Edition,1058
9876,Limited Edition,1058
9877,MHEV,1058
9878,S,1058
9879,SE,1058
9880,SE Edition,1058
9881,SRi,1058
9882,SRi Nav Premium,1058
9883,SRi Premium,1058
9884,T,1058
9885,Tech Line,1058
9886,Turbo,1058
9887,Turbo D,1058
9888,Ultimate,1058
9889,Ultimate Nav,1058
9890,Design,1059
9891,Elite Nav Premium,1059
9892,Elite Premium,1059
9893,Griffin,1059
9894,GS,1059
9895,GS Line,1059
9896,Launch Edition,1059
9897,SE Nav Premium,1059
9898,SE Premium,1059
9899,SRi Nav Premium,1059
9900,SRi Premium,1059
9901,Ultimate,1059
9902,Ultimate Edition,1059
9903,Active,1060
9904,CDTi,1060
9905,Design Nav,1060
9906,ecoFLEX,1060
9907,ecoTEC,1060
9908,ecoTEC D,1060
9909,Elite,1060
9910,Elite Nav,1060
9911,Griffin,1060
9912,Griffin Plus,1060
9913,i,1060
9914,i Turbo,1060
9915,Ultimate,1060
9916,i V8,1061
9917,VXR,1061
9918,3900 CDTI,1062
9919,BiTurbo,1062
9920,BiTurbo ecoFLEX,1062
9921,CDTi 3500,1062
9922,Edition,1062
9923,Merit,1063
9924,CD,1064
9925,CDX,1064
9926,DTi,1064
9927,Elite,1064
9928,GLS,1064
9929,i,1064
9930,i V6,1064
9931,CD,1065
9932,i,1065
9933,CDTi,1066
9934,Design,1066
9935,Elite,1066
9936,i,1066
9937,i Turbo,1066
9938,i Turbo V6,1066
9939,Air,1067
9940,Exclusiv,1067
9941,i,1067
9942,Sport,1067
9943,Sport Rouge,1067
9944,Arctic II,1068
9945,CD,1068
9946,CDTi,1068
9947,CDTi V6,1068
9948,Club,1068
9949,Design,1068
9950,DTi,1068
9951,Elite,1068
9952,Exclusiv,1068
9953,GLS,1068
9954,GSi,1068
9955,i,1068
9956,i Turbo V6,1068
9957,i V6,1068
9958,Life,1068
9959,LS,1068
9960,SRi,1068
9961,VVT,1068
9962,VXR,1068
9963,ecoFLEX,1069
9964,i,1069
9965,ROCKS,1069
9966,SE,1069
9967,SE Nav,1069
9968,SL,1069
9969,2700 CDTi,1070
9970,2900 CDTi,1070
9971,BiTurbo,1070
9972,BiTurbo ecoFLEX,1070
9973,BiTurbo ecoTEC,1070
9974,CDTi 2900,1070
9975,Combi+,1070
9976,Dynamic,1070
9977,ecoFLEX,1070
9978,Edition,1070
9979,Elite,1070
9980,GS,1070
9981,Limited Edition Nav,1070
9982,Prime,1070
9983,Sportive,1070
9984,Turbo D 3100,1070
9985,3100,1071
9986,Pro,1071
9987,BlueInjection,1072
9988,Edition L,1072
9989,Edition M,1072
9990,Elite L,1072
9991,Elite M,1072
9992,Turbo D,1072
9993,Combi,1073
9994,Design,1073
9995,Edition,1073
9996,Elite,1073
9997,Ultimate,1073
9998,i,1074
9999,i Turbo,1074
10000,Lightning Yellow,1074
10001,GTS,1075
10002,V8,1075
10003,Active,1076
10004,Active Plus,1076
10005,Breeze,1076
10006,CDTi,1076
10007,Club,1076
10008,Comfort,1076
10009,Design,1076
10010,DTi,1076
10011,ecoFLEX,1076
10012,Elegance,1076
10013,Elite,1076
10014,Energy,1076
10015,Excite,1076
10016,Exclusiv,1076
10017,GSi,1076
10018,i,1076
10019,i Turbo,1076
10020,Life,1076
10021,SRi,1076
10022,T,1076
10023,VVT,1076
10024,VXR,1076
10025,CDTi,1077
10026,Design,1077
10027,ecoFLEX,1077
10028,ecoTEC,1077
10029,Elite,1077
10030,Elite Nav,1077
10031,Energy,1077
10032,ES,1077
10033,Exclusiv,1077
10034,i Turbo,1077
10035,SE,1077
10036,SRi,1077
10037,SRi Nav,1077
10038,T,1077
10039,Tech Line,1077
10040,Tech Line Nav,1077
10041,Atacama,1078
10042,Aventura,1078
10043,Aventura Black Edition,1078
10044,BiTDI,1078
10045,Black Edition,1078
10046,BlueMotion Tech,1078
10047,Canyon,1078
10048,Dark Label,1078
10049,Edition,1078
10050,Highline,1078
10051,Life,1078
10052,PanAmericana,1078
10053,Startline,1078
10054,Style,1078
10055,TDI,1078
10056,TDI V6,1078
10057,Trendline,1078
10058,Ultimate,1078
10059,Elegance,1079
10060,R,1079
10061,R-Line,1079
10062,R-Line Edition,1079
10063,SE,1079
10064,TDI,1079
10065,TSI,1079
10066,TSI EVO,1079
10067,50s,1080
10068,60s,1080
10069,70s,1080
10070,BlueMotion Tech,1080
10071,Dark Flint,1080
10072,Design,1080
10073,Dune,1080
10074,Fender,1080
10075,GSR,1080
10076,Luna,1080
10077,R-Line,1080
10078,S,1080
10079,Sola,1080
10080,Sport,1080
10081,T,1080
10082,TDI,1080
10083,TSI,1080
10084,Turbo Silver,1080
10085,V5,1080
10086,Highline,1081
10087,SE,1081
10088,Sport,1081
10089,TDI,1081
10090,Life,1082
10091,TDI,1082
10092,TSI,1082
10093,California,1083
10094,TSI,1083
10095,California Maxi,1084
10096,TDI,1084
10097,BlueMotion Tech,1085
10098,TDI,1085
10099,TSI,1085
10100,BlueMotion Tech,1086
10101,C20 Maxi,1086
10102,Life,1086
10103,Maxi,1086
10104,TDI,1086
10105,TDI C20,1086
10106,TSI,1086
10107,TSI C20,1086
10108,BlueMotion Tech,1087
10109,Pure Drive,1087
10110,TDI,1087
10111,Beach,1088
10112,Beach Camper,1088
10113,Beach Tour,1088
10114,BiTDI,1088
10115,BlueMotion Tech,1088
10116,Coast,1088
10117,Ocean,1088
10118,Ocean Edition,1088
10119,SE,1088
10120,TDI,1088
10121,TSI,1088
10122,BiTDI,1089
10123,BlueMotion Tech,1089
10124,Business,1089
10125,CL,1089
10126,D,1089
10127,Edition 25,1089
10128,Executive,1089
10129,Generation Six,1089
10130,GL,1089
10131,Pure Drive,1089
10132,SE,1089
10133,TD,1089
10134,TDI,1089
10135,V6,1089
10136,BlueMotion Tech,1090
10137,FSI V6,1090
10138,GT,1090
10139,GT Black Edition,1090
10140,Moda,1090
10141,R-Line,1090
10142,R-Line Black Edition,1090
10143,TDI,1090
10144,TSI,1090
10145,G60,1091
10146,Storm,1091
10147,VR6,1091
10148,TDI,1092
10149,e-Golf,1093
10150,Advance,1094
10151,e 110,1094
10152,e-UP!,1095
10153,BlueMotion Tech,1096
10154,Exclusive,1096
10155,FSI,1096
10156,FSI V6,1096
10157,Individual,1096
10158,S,1096
10159,SE,1096
10160,Sport,1096
10161,TDI,1096
10162,TDI CR,1096
10163,TFSI,1096
10164,TSI,1096
10165,Urban Fox,1097
10166,Active,1098
10167,Alltrack,1098
10168,Avantgarde,1098
10169,Black Edition,1098
10170,BlueMotion,1098
10171,BlueMotion Tech,1098
10172,C,1098
10173,CL,1098
10174,Clipper,1098
10175,E,1098
10176,eTSI,1098
10177,FSI,1098
10178,GL,1098
10179,GLi,1098
10180,GT,1098
10181,GT Edition,1098
10182,GT Sport,1098
10183,GTD,1098
10184,GTD BlueLine,1098
10185,GTE,1098
10186,GTE Advance,1098
10187,GTE Nav,1098
10188,GTI,1098
10189,GTI Clubsport,1098
10190,GTI Clubsport 40,1098
10191,GTI Clubsport 45,1098
10192,GTI Clubsport S,1098
10193,GTI Edition 35,1098
10194,GTI Launch,1098
10195,GTI Performance,1098
10196,GTI TCR,1098
10197,Life,1098
10198,Match,1098
10199,Match Edition,1098
10200,Match Edition BlueMotion,1098
10201,MHEV,1098
10202,R,1098
10203,R 20 Years,1098
10204,R Black Edition,1098
10205,R-Line,1098
10206,R-Line Edition,1098
10207,R32,1098
10208,S,1098
10209,SDI,1098
10210,SE,1098
10211,SE Edition,1098
10212,SE Nav,1098
10213,Sport,1098
10214,Sportline,1098
10215,Style,1098
10216,Style Edition,1098
10217,T,1098
10218,TDI,1098
10219,TDI CR,1098
10220,TFSI,1098
10221,TSI,1098
10222,TSI eHybrid,1098
10223,TSI EVO,1098
10224,Twist,1098
10225,V6,1098
10226,VR5,1098
10227,VR6,1098
10228,VR6 Highline,1098
10229,Dune,1099
10230,FSI,1099
10231,GT,1099
10232,Luna,1099
10233,S,1099
10234,SE,1099
10235,TDI,1099
10236,TSI,1099
10237,BlueMotion Tech,1100
10238,GT,1100
10239,Match,1100
10240,Match Edition,1100
10241,S,1100
10242,SE,1100
10243,SE BlueMotion,1100
10244,SE Nav,1100
10245,TDI,1100
10246,TSI,1100
10247,TSI EVO,1100
10248,600,1101
10249,680,1101
10250,TDI,1101
10251,1ST Edition,1102
10252,Business,1102
10253,City,1102
10254,Essential,1102
10255,Family,1102
10256,GTX,1102
10257,Launch Edition 1,1102
10258,Launch Edition 2,1102
10259,Launch Edition 3,1102
10260,Launch Edition 4,1102
10261,Life,1102
10262,Match,1102
10263,Max,1102
10264,Performance,1102
10265,Pro,1102
10266,Pro Performance,1102
10267,Pro S,1102
10268,Pure,1102
10269,Pure Performance,1102
10270,Style,1102
10271,Tech,1102
10272,Tour,1102
10273,1ST Edition,1103
10274,City,1103
10275,Family,1103
10276,GTX,1103
10277,GTX Edition,1103
10278,GTX Max,1103
10279,Life,1103
10280,Life Edition,1103
10281,Match,1103
10282,Max,1103
10283,Pro,1103
10284,Pro Performance,1103
10285,Pure,1103
10286,Pure Performance,1103
10287,Style,1103
10288,Style Edition,1103
10289,GTX,1104
10290,GTX Edition,1104
10291,Match,1104
10292,Max,1104
10293,Pro,1104
10294,Pro Performance,1104
10295,Pure,1104
10296,Style,1104
10297,Tech,1104
10298,GTX,1105
10299,Launch Edition,1105
10300,Match,1105
10301,Match Plus,1105
10302,Plus,1105
10303,Pro,1105
10304,Pro S,1105
10305,1ST Edition,1106
10306,GTX,1106
10307,Life,1106
10308,Pro,1106
10309,Style,1106
10310,BlueMotion Tech,1107
10311,FSI,1107
10312,GT,1107
10313,Limited Edition,1107
10314,S,1107
10315,SE,1107
10316,Sport,1107
10317,TDI,1107
10318,TSI,1107
10319,E,1108
10320,GTI,1108
10321,S,1108
10322,SE,1108
10323,Energetic,1109
10324,Life,1109
10325,Style,1109
10326,TDI,1109
10327,TSI,1109
10328,Alltrack,1110
10329,BiTDI,1110
10330,BlueMotion,1110
10331,BlueMotion 2,1110
10332,BlueMotion Tech,1110
10333,Elegance,1110
10334,eTSI,1110
10335,Executive,1110
10336,Executive Style,1110
10337,FSI,1110
10338,FSI V6,1110
10339,GT,1110
10340,GTE,1110
10341,GTE Advance,1110
10342,Highline,1110
10343,Highline Plus,1110
10344,Life,1110
10345,MHEV,1110
10346,R-Line,1110
10347,R-Line Edition,1110
10348,R36,1110
10349,S,1110
10350,SE,1110
10351,SE Business,1110
10352,SE Nav,1110
10353,SEL,1110
10354,Sport,1110
10355,TDI,1110
10356,TDI EVO,1110
10357,Trendline,1110
10358,TSI,1110
10359,TSI eHybrid,1110
10360,V6,1110
10361,TDI CR V6,1111
10362,TDI V6,1111
10363,Active,1112
10364,beats,1112
10365,Black Edition,1112
10366,BlueGT,1112
10367,BlueMotion,1112
10368,BlueMotion 1,1112
10369,BlueMotion 2,1112
10370,BlueMotion Tech,1112
10371,CL,1112
10372,Dune,1112
10373,E,1112
10374,EVO,1112
10375,Fox,1112
10376,G40,1112
10377,Genesis,1112
10378,GLX,1112
10379,GT,1112
10380,GTI,1112
10381,GTI Edition 25,1112
10382,GTI+,1112
10383,Life,1112
10384,Match,1112
10385,Match Edition,1112
10386,Moda,1112
10387,R-Line,1112
10388,R-Line Style,1112
10389,S,1112
10390,SDI,1112
10391,SE,1112
10392,SE Design,1112
10393,SE Tech Edition,1112
10394,SEL,1112
10395,Sport,1112
10396,Style,1112
10397,T,1112
10398,TDI,1112
10399,TSI,1112
10400,Twist,1112
10401,United,1112
10402,BlueMotion Tech,1113
10403,GT,1113
10404,GT Black Edition,1113
10405,GTS,1113
10406,R,1113
10407,R-Line,1113
10408,R-Line Black Edition,1113
10409,Scala,1113
10410,TDI,1113
10411,TSI,1113
10412,BlueMotion Tech,1114
10413,Carat,1114
10414,Executive,1114
10415,S,1114
10416,SE,1114
10417,SE Nav,1114
10418,SEL,1114
10419,Sport,1114
10420,TDI,1114
10421,TSI,1114
10422,Active,1115
10423,Black Edition,1115
10424,First Edition,1115
10425,Life,1115
10426,Match,1115
10427,MOVE,1115
10428,R-Line,1115
10429,S,1115
10430,SE,1115
10431,SE Edition,1115
10432,SEL,1115
10433,Style,1115
10434,TDI,1115
10435,TSI,1115
10436,TSI EVO,1115
10437,United,1115
10438,Active,1116
10439,Black Edition,1116
10440,Design,1116
10441,Life,1116
10442,Match,1116
10443,R,1116
10444,R Black Edition,1116
10445,R-Line,1116
10446,S,1116
10447,SE,1116
10448,SEL,1116
10449,Style,1116
10450,TDI,1116
10451,TDI EVO,1116
10452,TSI,1116
10453,TSI EVO,1116
10454,United,1116
10455,Black Edition,1117
10456,Life,1117
10457,Match,1117
10458,R-Line,1117
10459,Style,1117
10460,TSI,1117
10461,Elegance,1118
10462,eTSI,1118
10463,Life,1118
10464,Match,1118
10465,MHEV,1118
10466,R-Line,1118
10467,R-Line Edition,1118
10468,TSI eHybrid,1118
10469,Active,1119
10470,BiTDI,1119
10471,Black Edition,1119
10472,BlueMotion Tech,1119
10473,Elegance,1119
10474,Elegance Launch Edition,1119
10475,Escape,1119
10476,eTSI,1119
10477,Life,1119
10478,Life Launch Edition,1119
10479,Match,1119
10480,Match Edition,1119
10481,MHEV,1119
10482,Moda,1119
10483,R,1119
10484,R-Line,1119
10485,R-Line Edition,1119
10486,R-Line Launch Edition,1119
10487,R-Line Tech,1119
10488,S,1119
10489,SE,1119
10490,SE Navigation,1119
10491,SEL,1119
10492,Sport,1119
10493,Summit,1119
10494,TDI,1119
10495,TSI,1119
10496,TSI eHybrid,1119
10497,TSI EVO,1119
10498,Elegance,1120
10499,Life,1120
10500,Match,1120
10501,R-Line,1120
10502,R-Line Tech,1120
10503,SE Nav,1120
10504,SEL,1120
10505,TDI,1120
10506,TSI,1120
10507,TSI EVO,1120
10508,Altitude,1121
10509,Black Edition,1121
10510,BlueMotion Tech,1121
10511,Elegance,1121
10512,Escape,1121
10513,h TSI V6,1121
10514,Hybrid,1121
10515,R,1121
10516,R-Line,1121
10517,R-Line Plus,1121
10518,R-Line Tech,1121
10519,R-Line Tech Plus,1121
10520,R50,1121
10521,SE,1121
10522,SE Sport,1121
10523,SEL,1121
10524,SEL Tech,1121
10525,Sport,1121
10526,TDI,1121
10527,TDI V10,1121
10528,TDI V6,1121
10529,TDI V8,1121
10530,TSI V6,1121
10531,V6,1121
10532,V6 TSI eHybrid,1121
10533,BlueMotion Tech,1122
10534,FSI,1122
10535,Match,1122
10536,R-Line,1122
10537,S,1122
10538,SE,1122
10539,SE Family,1122
10540,SEL,1122
10541,Sport,1122
10542,TDI,1122
10543,TSI,1122
10544,TSI EVO,1122
10545,1200,1123
10546,BiTDI,1123
10547,BiTDI T30,1123
10548,BiTDI T32,1123
10549,BlueMotion Tech,1123
10550,Edition,1123
10551,Highline,1123
10552,Sportline,1123
10553,Sportline Black Edition,1123
10554,Startline,1123
10555,T30,1123
10556,T30 Highline,1123
10557,T30 Startline,1123
10558,T30 Trendline,1123
10559,T32,1123
10560,T32 Highline,1123
10561,T32 Startline,1123
10562,T32 Trendline,1123
10563,TD,1123
10564,TDI,1123
10565,TDI T30,1123
10566,TDI T32,1123
10567,Trendline,1123
10568,TSI T30,1123
10569,TSI T32,1123
10570,BiTDI,1124
10571,BlueMotion Tech,1124
10572,S,1124
10573,SE,1124
10574,T30 S,1124
10575,T30 SE,1124
10576,T32 SE,1124
10577,TD,1124
10578,TDI,1124
10579,TSI,1124
10580,BiTDI,1125
10581,BiTDI T32,1125
10582,BlueMotion Tech,1125
10583,Sportline,1125
10584,Sportline 60 T32,1125
10585,Sportline T30,1125
10586,Sportline T32,1125
10587,TDI,1125
10588,beats,1126
10589,Black Edition,1126
10590,BlueMotion Tech,1126
10591,Club up,1126
10592,Groove up,1126
10593,GTI,1126
10594,High up,1126
10595,Look up,1126
10596,Move up,1126
10597,Move up Tech Edition,1126
10598,R-Line,1126
10599,Rock up,1126
10600,Street up,1126
10601,Take up,1126
10602,TSI,1126
10603,up,1126
10604,up beats,1126
10605,up Black,1126
10606,up GTI,1126
10607,up White,1126
10608,White Edition,1126
10609,GLS,1127
10610,GL,1128
10611,GLE,1129
10612,GLT,1130
10613,R,1130
10614,SE,1130
10615,T5,1130
10616,T5-R,1130
10617,GL,1131
10618,S,1131
10619,SE,1131
10620,CD,1132
10621,Executive,1132
10622,D,1133
10623,D2,1133
10624,D3,1133
10625,D4,1133
10626,D5,1133
10627,DRIVe,1133
10628,ES,1133
10629,i,1133
10630,R-Design,1133
10631,R-Design Lux,1133
10632,R-Design SE,1133
10633,R-Design SE Sport,1133
10634,R-Design Sport,1133
10635,S,1133
10636,SE,1133
10637,SE Lux,1133
10638,SE Sport,1133
10639,T5,1133
10640,Core,1134
10641,Plus,1134
10642,Pro,1134
10643,Twin,1134
10644,Ultimate,1134
10645,D,1135
10646,D3,1135
10647,D4,1135
10648,D5,1135
10649,GT,1135
10650,i,1135
10651,S,1135
10652,SE,1135
10653,SE Lux,1135
10654,SE Lux Solstice,1135
10655,Sport,1135
10656,T,1135
10657,T5,1135
10658,Plus,1136
10659,Plus Black Edition,1136
10660,Single Motor,1136
10661,Single Motor Extended Range,1136
10662,Twin Motor,1136
10663,Twin Motor Performance,1136
10664,Ultra,1136
10665,Ultra Black Edition,1136
10666,Core,1137
10667,Plus,1137
10668,Single Motor,1137
10669,Single Motor Extended Range,1137
10670,Twin Performance,1137
10671,Ultra,1137
10672,Twin Performance,1138
10673,Ultra,1138
10674,Core,1139
10675,Plus,1139
10676,Plus Black Edition,1139
10677,Single Motor,1139
10678,Single Motor Extended Range,1139
10679,Twin Motor,1139
10680,Twin Motor Performance,1139
10681,Ultra,1139
10682,Ultra Black Edition,1139
10683,Plus,1140
10684,Twin Motor,1140
10685,Twin Performance,1140
10686,Ultra,1140
10687,D,1141
10688,D2,1141
10689,D3,1141
10690,D5,1141
10691,DRIVe,1141
10692,ES,1141
10693,i,1141
10694,R-Design,1141
10695,R-Design SE,1141
10696,R-Design SE Sport,1141
10697,R-Design Sport,1141
10698,S,1141
10699,SE,1141
10700,SE Edition,1141
10701,SE Lux,1141
10702,SE Lux Edition,1141
10703,SE Sport,1141
10704,Sport,1141
10705,T,1141
10706,T5,1141
10707,B5,1142
10708,Business Edition,1142
10709,Business Edition Lux,1142
10710,D,1142
10711,D2,1142
10712,D3,1142
10713,D4,1142
10714,D5,1142
10715,DRIVe,1142
10716,ES,1142
10717,ES Nav,1142
10718,h T8,1142
10719,Inscription,1142
10720,Inscription Plus,1142
10721,Lux Nav,1142
10722,MHEV,1142
10723,Plus,1142
10724,Polestar Engineered,1142
10725,R-Design,1142
10726,R-Design Edition,1142
10727,R-Design Lux Nav,1142
10728,R-Design Nav,1142
10729,R-Design Plus,1142
10730,S,1142
10731,SE,1142
10732,SE Lux,1142
10733,SE Lux Nav,1142
10734,SE Lux Premium,1142
10735,SE Nav,1142
10736,SE Premium,1142
10737,SE Sport,1142
10738,T,1142
10739,T3,1142
10740,T4,1142
10741,T5,1142
10742,T6,1142
10743,Twin Engine,1142
10744,Ultimate,1142
10745,SE,1143
10746,D,1144
10747,D2,1144
10748,D3,1144
10749,D4,1144
10750,D5,1144
10751,DRIVe,1144
10752,ES,1144
10753,Executive,1144
10754,FT,1144
10755,S,1144
10756,SE,1144
10757,SE Lux,1144
10758,SE Lux Premium,1144
10759,SE Nav,1144
10760,SE Sport,1144
10761,T,1144
10762,T4,1144
10763,T6,1144
10764,V8,1144
10765,D4,1145
10766,D5,1145
10767,h T8,1145
10768,Inscription,1145
10769,Inscription Plus,1145
10770,Inscription Pro,1145
10771,Momentum,1145
10772,Momentum Plus,1145
10773,Momentum Pro,1145
10774,Plus,1145
10775,Plus Bright,1145
10776,PowerPulse,1145
10777,R-Design,1145
10778,R-Design Plus,1145
10779,R-Design Pro,1145
10780,T4,1145
10781,T5,1145
10782,Twin Engine,1145
10783,Ultimate,1145
10784,D2,1146
10785,D3,1146
10786,D4,1146
10787,ES,1146
10788,ES Nav,1146
10789,Inscription,1146
10790,Inscription Edition,1146
10791,Momentum,1146
10792,Momentum Edition,1146
10793,Momentum Nav Plus,1146
10794,R-Design,1146
10795,R-Design Edition,1146
10796,R-Design Lux,1146
10797,R-Design Lux Nav,1146
10798,R-Design Nav,1146
10799,R-Design Nav Plus,1146
10800,R-Design Pro,1146
10801,S,1146
10802,SE,1146
10803,SE Lux,1146
10804,SE Lux Nav,1146
10805,SE Nav,1146
10806,Sport Lux,1146
10807,T2,1146
10808,T3,1146
10809,T4,1146
10810,T5,1146
10811,D2,1147
10812,D3,1147
10813,D4,1147
10814,Lux,1147
10815,Lux Nav,1147
10816,Nav Plus,1147
10817,Pro,1147
10818,SE,1147
10819,SE Nav,1147
10820,T3,1147
10821,T4,1147
10822,T5,1147
10823,D,1148
10824,D2,1148
10825,D3,1148
10826,D4,1148
10827,D5,1148
10828,DRIVe,1148
10829,ES,1148
10830,R-Design,1148
10831,R-Design Edition,1148
10832,R-Design SE,1148
10833,S,1148
10834,SE,1148
10835,SE Edition,1148
10836,SE Lux,1148
10837,SE Lux Edition,1148
10838,SE Lux Premium,1148
10839,SE Sport,1148
10840,Sport,1148
10841,T5,1148
10842,B3,1149
10843,B4,1149
10844,B5,1149
10845,B6,1149
10846,Business Edition,1149
10847,Business Edition Lux,1149
10848,Core,1149
10849,D,1149
10850,D2,1149
10851,D3,1149
10852,D4,1149
10853,D5,1149
10854,D6,1149
10855,DRIVe,1149
10856,ES,1149
10857,ES Nav,1149
10858,h T6,1149
10859,h T8,1149
10860,Inscription,1149
10861,Inscription Plus,1149
10862,Inscription Pro,1149
10863,MHEV,1149
10864,Momentum,1149
10865,Momentum Plus,1149
10866,Momentum Pro,1149
10867,Ocean Race,1149
10868,Plus,1149
10869,Plus Bright,1149
10870,Plus Dark,1149
10871,Polestar,1149
10872,Polestar Engineered,1149
10873,R-Design,1149
10874,R-Design Lux,1149
10875,R-Design Lux Nav,1149
10876,R-Design Nav,1149
10877,R-Design Plus,1149
10878,R-Design Premium,1149
10879,R-Design Pro,1149
10880,SE,1149
10881,SE Lux,1149
10882,SE Lux Nav,1149
10883,SE Lux Premium,1149
10884,SE Nav,1149
10885,SE Premium,1149
10886,T3,1149
10887,T4,1149
10888,T5,1149
10889,T6,1149
10890,T8,1149
10891,Twin Engine,1149
10892,Ultimate,1149
10893,Ultra,1149
10894,B4,1150
10895,B5,1150
10896,D3,1150
10897,D4,1150
10898,Lux Nav,1150
10899,MHEV,1150
10900,Plus,1150
10901,SE Nav,1150
10902,T5,1150
10903,Business Edition,1151
10904,Classic,1151
10905,D,1151
10906,D2,1151
10907,D3,1151
10908,D4,1151
10909,D5,1151
10910,DRIVe,1151
10911,ES,1151
10912,R,1151
10913,R-Design,1151
10914,R-Design SE,1151
10915,S,1151
10916,SE,1151
10917,SE Lux,1151
10918,SE Lux Premium,1151
10919,SE Lux RTI Nav,1151
10920,SE Nav,1151
10921,SE Premium,1151
10922,SE RTI Nav,1151
10923,SE Sport,1151
10924,Sport,1151
10925,T,1151
10926,T4,1151
10927,T5,1151
10928,T6,1151
10929,Torslanda,1151
10930,B4,1152
10931,B5,1152
10932,Core,1152
10933,D4,1152
10934,D5,1152
10935,h T6,1152
10936,h T8,1152
10937,Inscription,1152
10938,Inscription Plus,1152
10939,Inscription Pro,1152
10940,MHEV,1152
10941,Momentum,1152
10942,Momentum Plus,1152
10943,Momentum Pro,1152
10944,Plus,1152
10945,Plus Dark,1152
10946,PowerPulse,1152
10947,R-Design,1152
10948,R-Design Plus,1152
10949,R-Design Pro,1152
10950,T4,1152
10951,T5,1152
10952,T6,1152
10953,Twin Engine,1152
10954,Ultimate,1152
10955,Ultra,1152
10956,B4,1153
10957,B5,1153
10958,B6,1153
10959,D4,1153
10960,D5,1153
10961,MHEV,1153
10962,Plus,1153
10963,PowerPulse,1153
10964,Pro,1153
10965,T5,1153
10966,T6,1153
10967,Ultimate,1153
10968,Volvo Ocean Race,1153
10969,B3,1154
10970,B4,1154
10971,B5,1154
10972,Core,1154
10973,D3,1154
10974,D4,1154
10975,First Edition,1154
10976,h T4,1154
10977,h T5,1154
10978,Inscription,1154
10979,Inscription Expression,1154
10980,Inscription Pro,1154
10981,MHEV,1154
10982,Momentum,1154
10983,Momentum Core,1154
10984,Momentum Pro,1154
10985,P8,1154
10986,Plus,1154
10987,Plus Black Edition,1154
10988,Plus Pro,1154
10989,Pro,1154
10990,R-Design,1154
10991,R-Design Pro,1154
10992,Start,1154
10993,T2,1154
10994,T3,1154
10995,T4,1154
10996,T5,1154
10997,Twin Engine,1154
10998,Ultimate,1154
10999,Ultimate Dark,1154
11000,Ultra Black Edition,1154
11001,Ultra Bright,1154
11002,Ultra Dark,1154
11003,B4,1155
11004,B5,1155
11005,B6,1155
11006,Core,1155
11007,D,1155
11008,D3,1155
11009,D4,1155
11010,D5,1155
11011,DRIVe,1155
11012,Edition,1155
11013,ES,1155
11014,h T6,1155
11015,h T8,1155
11016,Inscription,1155
11017,Inscription Expression,1155
11018,Inscription Pro,1155
11019,MHEV,1155
11020,Momentum,1155
11021,Momentum Pro,1155
11022,Ocean Race,1155
11023,Plus,1155
11024,Plus Black Edition,1155
11025,Polestar Engineered,1155
11026,PowerPulse,1155
11027,R-Design,1155
11028,R-Design Lux,1155
11029,R-Design Lux Nav,1155
11030,R-Design Nav,1155
11031,R-Design Premium,1155
11032,R-Design Pro,1155
11033,S,1155
11034,SE,1155
11035,SE Lux,1155
11036,SE Lux Nav,1155
11037,SE Lux Premium,1155
11038,SE Nav,1155
11039,SE Premium,1155
11040,T4,1155
11041,T5,1155
11042,T6,1155
11043,T8,1155
11044,Twin Engine,1155
11045,Ultimate,1155
11046,Ultimate Black Edition,1155
11047,Ultimate Bright,1155
11048,Ultimate Dark,1155
11049,Ultra Black Edition,1155
11050,Ultra Bright,1155
11051,Ultra Dark,1155
11052,D,1156
11053,D3,1156
11054,D4,1156
11055,D5,1156
11056,DRIVe,1156
11057,ES,1156
11058,Ocean Race Premium,1156
11059,SE,1156
11060,SE Lux,1156
11061,SE Nav,1156
11062,SE Sport,1156
11063,T,1156
11064,T6,1156
11065,Active,1157
11066,B5,1157
11067,B6,1157
11068,Core,1157
11069,D,1157
11070,D5,1157
11071,ES,1157
11072,ES Premium,1157
11073,Executive,1157
11074,First Edition,1157
11075,h T8,1157
11076,Inscription,1157
11077,Inscription Expression,1157
11078,Inscription Pro,1157
11079,MHEV,1157
11080,Momentum,1157
11081,Momentum Pro,1157
11082,Plus,1157
11083,Plus Edition,1157
11084,PowerPulse,1157
11085,R-Design,1157
11086,R-Design Nav,1157
11087,R-Design Pro,1157
11088,R-Design SE,1157
11089,S,1157
11090,SE,1157
11091,SE Lux,1157
11092,SE Lux Premium,1157
11093,SE Nav,1157
11094,SE Premium,1157
11095,SE Sport,1157
11096,T,1157
11097,T5,1157
11098,T6,1157
11099,T8,1157
11100,Twin Engine,1157
11101,Ultimate,1157
11102,Ultimate Bright,1157
11103,Ultimate Dark,1157
11104,Ultra,1157
11105,Ultra Bright,1157
11106,Ultra Dark,1157
11107,V8,1157
11108,Long Range,1158
11109,Standard Range,1158
11110,TSI,1087
11111,HDI,1159
11112,Special Edition,52
11113,TDCI 135,396
11114,430,396
11115,35S12,473
11116,N35.125T,1161
11117,PROGRESSIVE,1162
11118,DCI 130,1163
11119,BlueHDi 435 Professional,815
11120,ISG,518
11121,VTI,1164
11122,ACTIVE,1164
11123,CVT,727
11124,CVT,767
11125,Boosterjet SZ-T,975
11126,TDCi,545
11127,420,899
11128,S Tronic,95
11129,S Tronic,111
11130,Aero,1166
11131,T,1166
11132,Turbo Edition,1166
11133,Vector Sport,1166
11134,TDCI 75,398
11135,Tiptronic quattro,1167
11136,ACENTA,1168
11137,TEKNA,1168
11138,E-Tech ML19,866
11139,TD,1169
11140,35C16,473
11141,QUATTRO,95
11142,D20,1170
11143,SE,1166
11144,LINEAR,1166
11145,MultiJet 35,340
11146,200,397
11147,240,397
11148,TDCI 100,396
11149,210,397
11150,220,397